,A,B,C,D
2000-01-01,1.3110291763206683,1.1651638539505318,0.6219732218269842,0.7725238160670184
2000-01-02,1.5149923817780098,2.2513023559613257,-0.3904149822783318,0.6161875116543073
2000-01-03,3.8383153118404456,1.3313888305473758,1.4738425515486921,-0.3108516055911833
2000-01-04,3.771873652339448,1.1581837163628403,1.3556243968343629,1.971318285125629
2000-01-05,2.900648107242511,1.8454762990073355,0.773203418207563,2.0114158293820332
2000-01-06,3.3666420428778454,3.5267673273739097,-1.9480581028531567,2.652389413039854
2000-01-07,4.580743598115164,4.124842573500008,-2.8866458711116008,3.728964313687384
2000-01-08,3.8656616307518696,5.4119631617004735,-3.3034738872574096,5.882497935645633
2000-01-09,4.203891378282308,5.825064370784355,-1.2122037934737975,5.898057432931922
2000-01-10,4.48260584327572,5.526133600779448,-1.6905622636304787,5.683229842187781
2000-01-11,2.9627429416065993,5.140294782785969,-1.6229479643588909,5.1868619943635235
2000-01-12,5.31784228727202,4.893496507854566,-2.623951470426298,3.3308117860659596
2000-01-13,7.330215676636369,4.936327982188644,-2.7036688572813707,2.384942851936224
2000-01-14,7.148047016754014,5.696164327999582,-2.8896196413558055,2.7006525464103563
2000-01-15,7.505766052290866,6.487571269343732,-3.3320099236500345,0.3541944234955099
2000-01-16,6.848803047444673,7.108642255832246,-4.208661396514675,1.5831922904776585
2000-01-17,6.079056826457446,6.7751323751271375,-2.8809483163375385,2.221583991641762
2000-01-18,6.129881351827471,7.158127560737561,-1.802564694256212,1.8865796399972923
2000-01-19,7.635496389555782,8.175183121987283,-0.6516539175807501,1.0144371922496007
2000-01-20,8.120322324821961,9.800763871446907,-0.46878500047701893,-0.2011848769558906
2000-01-21,8.302695143747627,9.344123537555978,-1.23267556317149,1.8617240998001834
2000-01-22,7.9741219562196894,8.877352266996128,1.36645922128263,2.835409101331498
2000-01-23,7.106003044375707,7.9585353493253415,1.9620461803540064,2.8467431880892997
2000-01-24,9.100921427112343,8.065819091798756,3.836100149615679,1.4312338048131532
2000-01-25,8.79863264758729,8.021502615212565,3.7790800441271295,1.3833619950064462
2000-01-26,8.236980734086718,8.951480236942027,4.747220051214616,1.1616361897857719
2000-01-27,6.851832202660795,9.861256446881235,3.525523363911369,2.612272323968733
2000-01-28,5.447473464946892,9.111131323252154,4.6225667061750055,4.771099441444072
2000-01-29,4.426065346983606,9.573711517798781,5.575957686023361,6.471899123047507
2000-01-30,5.071862296976525,8.389349283141144,4.3532364090890585,7.95883645113292
2000-01-31,4.132074109558306,7.1404719628387525,5.3257847478920795,6.694885161669795
2000-02-01,4.330306449351543,6.105565066574735,3.7587923835464974,4.363103008622712
2000-02-02,5.492576176397275,6.1324384705803645,4.089293620021549,3.961191384786135
2000-02-03,6.135091920506531,5.680828932170323,3.9255432592357384,5.101369472760648
2000-02-04,6.161547880353382,6.398118072153656,3.6271744712819576,5.167737398690837
2000-02-05,4.633529674883312,6.445778217812133,3.4844667784015066,5.240110354344071
2000-02-06,4.025219972000511,6.267140692980055,1.7390591017074915,6.669639876237719
2000-02-07,3.8669954314193484,6.4129079946425644,2.263725461028843,7.149844152015205
2000-02-08,2.9799736192340975,7.65825219465718,3.350842561697103,7.346947146825509
2000-02-09,2.722720739305582,8.332496052457003,3.277768532294833,6.984297495980327
2000-02-10,1.6489097318246673,6.3782857315392665,3.839351674278531,6.432812935822994
2000-02-11,1.8836537595150786,5.787805660139603,2.1070678016550826,6.4216352088876
2000-02-12,0.1863359881387905,5.685992510942309,1.2871459342297058,5.683315945507811
2000-02-13,0.7035297457419635,5.294155348112285,-0.22764798667718655,6.040720576704341
2000-02-14,0.7109695009609656,5.651581303949263,0.4095776830225226,6.712468464315828
2000-02-15,1.4514467639923407,5.491786302139139,-0.31351024826001517,5.342214419920861
2000-02-16,2.4905023151078325,7.271960757766696,-0.13308531767439297,5.134314565851286
2000-02-17,2.497334774463896,6.885526963341009,0.36707647673873806,5.0931199228406445
2000-02-18,1.1080837424580126,6.743783868702692,-0.42541581079277396,3.768011331817082
2000-02-19,1.4124550196135504,5.124897481322638,0.5721878834461269,4.4678939349526825
2000-02-20,1.0632161324065164,4.957259848538531,2.4084963279614646,5.588743427695326
2000-02-21,-0.13646522485073898,5.239207580402783,2.2717852699436905,5.894402664510654
2000-02-22,-0.9347105574176134,3.9483391731552464,2.350616852036915,3.189042176653015
2000-02-23,-2.107844287388124,3.8534071136506456,2.9758667475633716,3.6368014282994374
2000-02-24,-1.5793834427961957,3.979071795970814,2.3327932047058644,3.485913797315663
2000-02-25,-1.7561990755277268,5.270993574951266,1.0599309887122732,3.7266755243873004
2000-02-26,-1.3210054517151488,5.33068921708831,2.981443739385716,4.620404444772487
2000-02-27,-0.9748424987082718,6.327229159828276,2.707750084603237,3.6710070013732
2000-02-28,-1.519318352087128,7.248840371680922,2.7077090680797897,1.6453452850649106
2000-02-29,-0.2700447244014994,8.140648106848301,3.825926460035063,2.8147976805540256
2000-03-01,0.3975878658329969,9.786297109187265,2.052313024871143,0.8521518375290285
2000-03-02,0.6779436030133541,9.587450749262803,1.938113434068926,-0.16796083416130703
2000-03-03,-0.026929065802361984,8.30520882679232,1.6380480546146665,0.5050439991431781
2000-03-04,0.13541200321686106,8.852365756040854,0.8822661020115748,-1.6126035560079561
2000-03-05,-1.0287720654416759,5.989991818406039,-0.452088465130669,-3.465975531137317
2000-03-06,-0.6519005137393274,5.57868784265161,-2.2659983749946013,-3.0633752196639747
2000-03-07,-1.464615024025726,4.808161874349352,-1.6734132029697886,-3.59108507587351
2000-03-08,-1.5386947043307717,5.556044332624521,-1.2725702938270975,-3.1798423024742113
2000-03-09,-0.8983588962526711,4.841566618483433,-2.0096302341649004,-3.719553866674807
2000-03-10,-0.8668853005430552,6.472490339914055,-2.748419757214421,-5.041865854707043
2000-03-11,-0.3389701092249009,6.804393522909633,-2.221419330854808,-4.366128939338496
2000-03-12,0.23924489653377534,6.35840393179585,-1.1666385421107308,-4.522240632102605
2000-03-13,1.3596049294150538,6.445950076436304,-0.40425223327565296,-3.514270976189427
2000-03-14,1.8286994364317186,7.619976861864988,1.629247287847496,-2.955726076309964
2000-03-15,0.3401489243382312,8.736791034607764,2.349576910130632,-3.518072115523647
2000-03-16,0.28193362338051586,7.5134696423304295,2.683381977586731,-4.218854354336555
2000-03-17,0.48154363976770703,6.638535928831572,1.5960902253508862,-4.732539904461175
2000-03-18,-0.11404620827614026,7.706853575204856,2.2940615751769773,-6.462985210264035
2000-03-19,-0.5205844012278782,8.76482541896592,2.4595338240617184,-5.665869199474826
2000-03-20,1.3895054407353842,9.556994092555476,2.1490671975489986,-6.14863098063246
2000-03-21,2.8734786782983663,8.9492149876373,2.8390523421319087,-4.746778311574692
2000-03-22,3.3075356008573062,6.472831234430508,3.718815988818973,-2.970087188512678
2000-03-23,5.020320310604465,7.014730321838176,2.9779192238678496,-3.863701685927581
2000-03-24,6.176760052094789,8.539354037737626,3.787098887253611,-5.282230391293287
2000-03-25,6.040321215597294,6.256110679234341,3.0164236783162925,-7.571874405943051
2000-03-26,7.028598764088755,6.496085635101504,1.9835360470371783,-8.462189290441911
2000-03-27,7.028494831095241,7.619313938621696,1.5982379778724087,-8.755287137182595
2000-03-28,6.483722130630848,7.145261924002318,1.455393957315123,-9.752167838604114
2000-03-29,8.027763376192999,7.138257684481614,1.2122639790227492,-8.622121055729119
2000-03-30,9.949590229336389,7.697950716101259,1.7369842888158908,-9.157296531409752
2000-03-31,10.316000834920066,6.244285628838461,1.3906121215445721,-7.9756688284582875
2000-04-01,9.443302367762008,7.06583577058177,0.14307703618924017,-8.06272981154181
2000-04-02,10.06593994571498,6.41982885938848,0.06015266873723411,-7.735765086681804
2000-04-03,9.41436535693225,6.673613819751506,1.077117702259388,-7.010876560919966
2000-04-04,9.119141967743962,8.04083622549944,-0.47885214847733026,-6.156230925708858
2000-04-05,10.398871742600694,8.83771349874736,-1.2397261178821026,-7.613923557241907
2000-04-06,11.017911586383027,7.21851629929709,0.04414132778265811,-6.2446684729918065
2000-04-07,11.29135432729287,7.949515373477125,1.2756310098846975,-6.948778290193842
2000-04-08,13.560859954204162,7.658692095584091,4.311587890212018,-6.369146218555277
2000-04-09,13.694503943038248,8.288935316395714,5.627043920191336,-8.283960548584218
2000-04-10,13.653279371322435,9.549311923807775,3.8826490786459686,-7.691484236421923
2000-04-11,13.65296892525661,9.298362024220332,3.0581521969552776,-8.183533957850004
2000-04-12,14.413090622024278,7.985672520202616,3.8800264585753865,-7.436418187124104
2000-04-13,13.866668402933229,7.195955772737324,4.711939406585838,-6.838404746045575
2000-04-14,14.008675689935165,5.328725895720935,5.681346469511015,-6.78070573643073
2000-04-15,13.932799513706328,4.003595083955043,4.992169181526078,-6.26799336671532
2000-04-16,12.357340839720997,3.915753147726174,4.054430105628854,-6.548849919571336
2000-04-17,10.329818860086924,3.555050813273975,3.0859279635708745,-3.9379615670476475
2000-04-18,10.818461054485883,2.7786578654463137,4.189535261399903,-6.324596112351077
2000-04-19,10.253794574079597,1.3303526033642306,4.77021813574923,-8.169712334517115
2000-04-20,11.07577363277743,3.0095416332013816,4.4502124733723765,-7.22927494762687
2000-04-21,12.850246296548868,4.345770415281751,6.494535934926498,-6.38741861069577
2000-04-22,13.190577253192258,5.1891552097750395,7.74821455001821,-6.408529704467443
2000-04-23,13.643292060122036,5.263205615707979,7.478388483672583,-8.080860429317049
2000-04-24,13.16113106284641,4.135877490306704,7.726008090944629,-8.453383967271385
2000-04-25,13.524405023673399,4.041815600153633,8.530957440157705,-9.262448738952159
2000-04-26,14.663841294604408,3.598348603912517,7.440730458946019,-10.93604205286406
2000-04-27,13.860180611563958,2.713957657274517,5.792405935208619,-10.342289502369148
2000-04-28,13.950234783424676,3.8081576631309626,4.08220556559382,-10.89623598223479
2000-04-29,14.25826225029936,2.5544581688608234,3.84210602288359,-11.117232035259539
2000-04-30,14.914834623723165,1.9663930870661614,3.044744399469064,-11.247461112683675
2000-05-01,13.506832822436087,0.4777283865623425,3.6714347259163693,-10.905357129109515
2000-05-02,13.294847140056786,-0.2940963080327106,4.27145868038827,-10.388783617361414
2000-05-03,14.685513517988078,-1.0112187387815972,3.351233569329081,-11.573003082276445
2000-05-04,14.977889992320074,-1.2278087435390226,2.972036686698875,-9.263750847209845
2000-05-05,14.884274358203228,0.0955893554633751,1.4056272036421409,-8.480725113221176
2000-05-06,13.556767459018232,2.7924912882385793,1.228377545378492,-8.248732547923705
2000-05-07,13.337323802991838,1.256097596097807,1.9961076351197118,-8.986050859087735
2000-05-08,12.888515088961649,-1.5759087625150483,3.345198949513064,-9.58918492288245
2000-05-09,11.535122947533601,-2.946255374122271,2.6943931861658053,-9.019349463392084
2000-05-10,13.06610655724579,-4.2167275045144414,1.875747568672295,-8.882137077105478
2000-05-11,12.880726309738028,-6.878808339254634,1.6234839398738286,-8.437540086647097
2000-05-12,12.32961911521804,-6.752234966513996,3.550189866913119,-9.69269946242972
2000-05-13,13.549091631043533,-6.643844226601574,3.909916913013534,-10.437426125060755
2000-05-14,12.469733344970688,-7.132063186420689,4.159855997578159,-8.819387221198642
2000-05-15,12.389278558285442,-6.54435499988897,4.244312462547698,-9.676854049597573
2000-05-16,11.142206054782859,-5.853788188159865,5.0698902802235555,-9.793954859580023
2000-05-17,10.164878595286805,-7.087912421589184,4.491429600737711,-7.837241012329681
2000-05-18,9.320600577053574,-7.3609754978733895,4.780070462787129,-8.872902680237903
2000-05-19,10.017527831554448,-6.0221421272846625,3.914055065587892,-7.527701478500359
2000-05-20,11.342619990982787,-7.194134037066913,4.248120248447485,-7.279011463545029
2000-05-21,11.166913394114387,-7.777446095925832,3.785946597207446,-7.626547412689905
2000-05-22,9.503204332826305,-6.581895272549042,2.3282863116995403,-7.594538242718715
2000-05-23,7.768427174732665,-6.148666870257913,2.80980369224191,-9.857649498956789
2000-05-24,6.999507740298776,-5.064933361560994,2.94330670719576,-10.878305716494074
2000-05-25,8.97796482358139,-2.050209173144459,3.3548506474863276,-10.976150906673634
2000-05-26,8.314466420276396,-3.2625275130935916,3.758216003171697,-12.986188747748894
2000-05-27,8.357522502622071,-3.936672716827323,2.5856304796880036,-15.293050985851032
2000-05-28,7.928620579518711,-5.168632254098277,0.35062713173177196,-15.549517595544703
2000-05-29,8.325329028281722,-6.093777397231104,0.038145369604848434,-16.25025067058109
2000-05-30,9.41026770171393,-3.01685304700519,1.2426776169678573,-16.680477510866012
2000-05-31,9.102361334108972,-1.8861087083823658,1.0807371165552315,-17.101393995255343
2000-06-01,12.384074079036806,-2.6937841100008026,0.05156585364395205,-16.042076015950656
2000-06-02,14.080347253508116,-3.372681884830267,1.1446546399013888,-17.231560889556405
2000-06-03,12.817858974691251,-3.3244554505526276,1.428174545028235,-17.752968190480612
2000-06-04,13.178053712409868,-3.274153575220204,1.2742379486280258,-19.554763031207447
2000-06-05,11.977781093322246,-1.3156230826149227,1.4268604899623896,-21.356908039957958
2000-06-06,10.720249854817208,-2.0333249324133464,1.3926165398116723,-21.659844915374673
2000-06-07,9.07396977877008,-2.4401109376411654,0.18415499052839168,-21.54503248577839
2000-06-08,9.904562117097377,-3.902001346327718,1.5475830479767085,-22.422333045764926
2000-06-09,10.295050877496216,-4.701067905683846,2.1974169643171564,-21.979249622905044
2000-06-10,10.56146399790981,-4.7756668245307345,4.043507053841234,-21.264260185367103
2000-06-11,10.502960601064155,-5.411320546095071,3.5343282597096257,-21.49822148441663
2000-06-12,11.66952654297028,-5.172559453444991,2.727557614876063,-21.964123538441566
2000-06-13,12.649774258714585,-4.146101907925865,1.768203835838945,-23.279303308555196
2000-06-14,12.687028067246544,-4.332315236678975,1.2618464260042095,-22.63980706148432
2000-06-15,13.181786961277004,-3.7273728820180025,0.6663960015714276,-22.171852862748644
2000-06-16,13.464621235024046,-1.780753444267805,-2.302913185759473,-23.83574023922541
2000-06-17,12.769161210757531,-1.7775522238256298,-2.946789736717241,-23.081367358615623
2000-06-18,13.17162386582826,-2.091196804082093,-3.522343104770784,-22.090207981883044
2000-06-19,13.04043265611571,-3.3855378453808713,-2.846759407334138,-20.797724220724135
2000-06-20,13.010666882220173,-3.955495081003213,-3.145156600102318,-18.96767340252592
2000-06-21,12.41374070377834,-5.027023063512288,-3.271145828137324,-19.145849883410648
2000-06-22,11.87901651997707,-6.0127554381405,-5.076444729183617,-19.67677154237215
2000-06-23,11.35101329367323,-7.542913028555643,-4.909608063693143,-20.947873781050486
2000-06-24,10.731497907529503,-7.745521719938446,-4.930241100100821,-22.260126510345145
2000-06-25,10.528171454092389,-8.954270860118246,-4.6804438663900605,-22.443364767120386
2000-06-26,8.345692411916511,-9.297448656301336,-4.830470051935985,-24.66608474279917
2000-06-27,8.153918292590097,-9.466994038544593,-3.892128976115749,-24.35128593271823
2000-06-28,8.679081412460258,-8.080392630339052,-4.196482165865691,-25.35072809571366
2000-06-29,8.085723384564723,-8.774612853961893,-4.143891301520618,-26.53726220270346
2000-06-30,8.121825237635797,-7.896036491716938,-3.688046486009734,-28.660579065913613
2000-07-01,8.58115700875736,-9.314521278530489,-3.450158031111663,-28.53435410407436
2000-07-02,6.8039968130013335,-8.726054350762027,-2.7372065066906606,-28.01110059769661
2000-07-03,6.795186571912719,-9.325404565339813,-1.3143870984774293,-27.08987929937821
2000-07-04,7.053392545559647,-8.797657873387186,-2.036939399321519,-26.730726869958374
2000-07-05,7.102178262396403,-9.311871135845404,-2.188366213834946,-27.13256612542089
2000-07-06,8.985660209694313,-9.799008191199253,-1.7522425126190466,-28.928725775298602
2000-07-07,8.277517126259333,-10.517015439161275,-1.976846608215923,-27.144147408015495
2000-07-08,7.454444017130773,-11.061163929113786,-3.7191833194089243,-27.40719673813681
2000-07-09,6.798168304187646,-11.504324627667152,-3.2537200606427916,-25.968300459768972
2000-07-10,5.820780122876712,-11.04371204016145,-3.2210446443419647,-26.17896772583914
2000-07-11,6.443110190676046,-12.532965776377235,-2.4802226897106205,-26.798875448408165
2000-07-12,7.659519039313247,-12.528078407080521,-2.122184331517925,-26.921283535297416
2000-07-13,8.51054043733985,-12.997485604204828,-1.477504898406074,-28.561895914257562
2000-07-14,8.746249712858459,-13.959962160855909,-2.242792897105122,-28.574544705481106
2000-07-15,9.763927179162419,-14.219198075826258,-2.0335148739420896,-29.843039352752044
2000-07-16,8.424470268769243,-14.407393415925128,-1.1818136678560278,-30.04971608816923
2000-07-17,8.781352317008936,-15.395367563527346,-0.9117470575956054,-30.53386158919075
2000-07-18,7.471041744563987,-15.938287933144098,-0.15499774480428286,-29.19826867345923
2000-07-19,7.330080305445584,-15.653016813837372,-0.40564696065732636,-29.265585792793917
2000-07-20,7.548225863130796,-13.18132497045303,0.42555132523951206,-27.80101838851826
2000-07-21,7.36330816690263,-13.162250590318385,-0.4186675483002998,-27.9353431756337
2000-07-22,6.561380504236372,-14.69063008436676,1.1921540150105567,-29.48389068147623
2000-07-23,7.132277921411221,-13.626341545199065,2.2857429274446646,-30.31469586494653
2000-07-24,7.616160148877494,-13.427970316403357,1.9381162937686038,-30.181570186202396
2000-07-25,8.053661990189953,-14.062438018256294,2.0492510821418506,-29.84718629577754
2000-07-26,9.89426266906897,-14.233946385351297,2.711607174202919,-30.53731086023274
2000-07-27,11.200923733806015,-12.97602874788571,1.374590844742414,-30.743571121482834
2000-07-28,13.347390486277408,-12.667605813170548,-0.2523944500950306,-30.053069679629907
2000-07-29,13.482825422732445,-12.212720611789816,-0.0333337916757786,-29.15775296420375
2000-07-30,14.376733067822432,-12.325164187874025,-1.5862469311227476,-26.80459665632547
2000-07-31,14.232334682674518,-10.95946104313979,-0.6099723075141262,-28.455936886207823
2000-08-01,11.936313316754003,-12.019371459395973,1.1969958423347213,-28.0625536195658
2000-08-02,11.808613654115867,-10.358816114698504,2.2084684028120156,-26.142646486937174
2000-08-03,11.186634708003515,-11.549639108072032,0.8306277414557026,-26.90236890467314
2000-08-04,8.63245938748333,-10.867301664306733,1.0423541788264432,-25.36263432727727
2000-08-05,8.058326328974967,-10.671776407769649,0.757179004887093,-24.980130609341813
2000-08-06,8.364939476224265,-10.646696126200217,2.05459520902485,-24.31115889846347
2000-08-07,9.514425205660853,-11.371979098935618,0.21233548243526013,-23.67563761982638
2000-08-08,8.848500621202982,-10.736703471425129,2.3338975075244877,-24.505971638841462
2000-08-09,9.876539766654268,-10.842258195919575,1.7451989976118014,-24.789669786687778
2000-08-10,10.553220131326562,-10.166888195928335,0.9948300599473348,-23.517255453650854
2000-08-11,12.11126112900878,-10.04643925336089,2.550589965173576,-23.411164639288906
2000-08-12,12.109293875753632,-9.544597537139829,3.163124434846272,-22.953606334522537
2000-08-13,11.158326000283653,-10.971742716970882,2.050392379457728,-21.804959477753037
2000-08-14,10.895030101074537,-11.280688978562578,2.1439167800483947,-19.790226379349065
2000-08-15,10.816944395059966,-12.53220733864424,2.7657136460048717,-20.24488778275841
2000-08-16,9.857399304859252,-11.716451856365207,3.0648456747737893,-20.998276716433622
2000-08-17,9.098015853394356,-12.045544436690857,2.60409302944309,-20.5616539388731
2000-08-18,10.008556673854718,-12.36145181733989,3.678403568691988,-20.126620321390774
2000-08-19,10.53984827476421,-14.126491611340441,4.147566417861338,-20.389789290046437
2000-08-20,11.68300538455593,-13.70681803621679,5.2274601758451205,-20.13939047445642
2000-08-21,12.92081406577195,-13.637178164346542,6.175106047033394,-20.77933167713137
2000-08-22,13.815257932426146,-13.997371960638462,6.543701807708639,-20.538835410016823
2000-08-23,11.945900902047008,-14.554891687859424,8.039946140199236,-21.133122386742844
2000-08-24,14.023263991731778,-16.056914478802163,6.7431213160285175,-21.0730180602762
2000-08-25,13.715735938461272,-16.153807192266733,6.353964427818751,-21.10502373916256
2000-08-26,14.11495989504436,-15.98359247620723,6.634291892988157,-21.18599995725318
2000-08-27,15.113378731235704,-15.07502699777601,6.17620478562955,-21.39720129582384
2000-08-28,15.59957525473958,-16.113848830305685,7.1942475735650815,-21.24374253316394
2000-08-29,14.55724389176384,-16.280229179759946,7.706541604469628,-20.415358452762717
2000-08-30,14.108804231377349,-16.577412506802435,5.827824051188209,-22.231329029061726
2000-08-31,13.039522294573093,-16.473864206120275,5.107987494570688,-21.428387033971987
2000-09-01,12.97911597020433,-16.219222734160507,4.81047917600741,-19.759511729622858
2000-09-02,13.00913831747232,-15.501020506418845,5.291122507811809,-19.64923588799313
2000-09-03,13.495716895235718,-15.166813564475476,5.8371434517829295,-21.452317821379673
2000-09-04,12.814775930427224,-15.794245031646215,5.770819341340462,-20.746330037432653
2000-09-05,11.765284116605459,-16.502679425561034,5.732105085015406,-21.044406570496665
2000-09-06,10.414135822272044,-17.822727663569033,6.001705107192045,-22.960756858604466
2000-09-07,12.789437712127782,-17.31626872966571,4.098873265732573,-22.98930668798928
2000-09-08,13.479208999111629,-16.834927720196962,4.053826189638564,-21.759125693053917
2000-09-09,13.144992877608088,-17.222043272500276,2.5313924761663027,-22.527621889254906
2000-09-10,14.232930981852423,-16.509162838566034,4.834926472649599,-21.741454066157825
2000-09-11,14.862641250236805,-16.553227801464327,2.9441205650391256,-21.944648420894335
2000-09-12,14.729727250117804,-16.806139127356623,3.049854372218688,-22.181714429526576
2000-09-13,14.630489062388467,-16.411083004212603,2.4562843400351984,-22.762351966631375
2000-09-14,15.214505687886069,-15.35714741887427,1.9315691728314057,-23.783955061208225
2000-09-15,15.134303182193234,-15.624857269691566,3.485262200624285,-23.15660178143863
2000-09-16,15.109283636096839,-17.04393861230783,3.290105502712546,-22.19547212859551
2000-09-17,14.714072573116484,-17.479017062744827,2.4764269963125196,-21.92089336838022
2000-09-18,15.039565077741823,-18.769908383508785,3.2213420751626667,-22.19835112474644
2000-09-19,15.614916676182645,-18.854706314134297,1.0565910798595262,-21.806441035731677
2000-09-20,14.806118485852439,-18.279811637005693,2.6757415455163773,-22.169250881414083
2000-09-21,16.31358507449331,-18.56163724522704,2.1462469721144077,-22.290995688375947
2000-09-22,16.44802001995109,-18.450047364559847,1.0702189934255246,-22.54679389850092
2000-09-23,16.04440037235979,-19.309175733147573,-1.0540010465671172,-21.905518958208443
2000-09-24,15.098059303245007,-18.521745551233053,-0.41275638187984753,-23.08093927525379
2000-09-25,15.598406023894439,-17.695713542070326,-0.1248743983348668,-22.36851387724829
2000-09-26,16.4001775897814,-18.939731238392,0.5038947700482143,-22.140588909287622
2000-09-27,16.01624122136175,-19.37504259199765,-0.025112215176193664,-21.94714351640215
2000-09-28,14.588674534001042,-18.999222550343283,0.30039105518838777,-21.964713475439567
2000-09-29,16.577499688529635,-16.86409891997845,-0.7630137972784918,-21.98064086208062
2000-09-30,16.706402646392146,-18.024137581214994,0.014942006012936937,-23.151803832814764
2000-10-01,13.80623318452954,-17.693784568358655,2.0573970990888175,-23.77918529998219
2000-10-02,15.151359630866569,-17.704051677593572,1.7817401125593384,-23.341167336112505
2000-10-03,15.014883215042065,-17.95157976508157,1.453099718506026,-24.045551838401472
2000-10-04,14.111525787327855,-17.43172751950701,2.500095874138171,-23.306847448206938
2000-10-05,15.205369438452722,-17.266628653139602,2.93070369358188,-22.973358232048845
2000-10-06,13.740773130035533,-17.874006704142836,3.199259928374071,-23.713844285754256
2000-10-07,12.730679013589969,-17.692357851538222,0.41051978726395477,-24.850340561311533
2000-10-08,13.800309170776245,-15.848568420147688,-0.6973255812690871,-24.5097056112441
2000-10-09,15.187928699352916,-16.259307761951508,-0.8354591636780317,-24.30631474099848
2000-10-10,16.23092794311254,-18.326991467730227,-1.892097318784276,-23.21925605991583
2000-10-11,16.2595356482424,-17.135730386804966,-1.8039011559295015,-22.161989665713318
2000-10-12,16.937469742154903,-16.01276797453035,-0.8954571307039936,-22.46928259681238
2000-10-13,15.687248661213037,-16.355447767239696,-1.6898382917090917,-23.228475387636795
2000-10-14,17.233745130076187,-15.390792103803216,-1.3005629042899507,-23.99373266767787
2000-10-15,16.734497698141986,-15.206139449102182,-0.5819743162688235,-24.688884260120236
2000-10-16,16.99596581485772,-14.010834563350457,-1.854329893300084,-23.714815701550368
2000-10-17,17.13424978366692,-12.727219352759889,-2.418638580266337,-23.121184145088
2000-10-18,18.566642869316308,-13.00366685119674,-2.1882814146969514,-22.797163508467108
2000-10-19,18.711557155406126,-11.940350499587613,-3.1738406068851135,-21.429133491975204
2000-10-20,19.19658336368596,-12.81261727418854,-3.8755358504136668,-22.25298114381537
2000-10-21,19.2553235192882,-13.913093574634722,-3.437288401299467,-21.604032372910922
2000-10-22,20.320183113795345,-13.267002587141974,-2.678941894336731,-21.35591454054809
2000-10-23,19.9562210897993,-12.600531072093696,-3.7912138496531216,-22.659900365765893
2000-10-24,20.663604740267168,-13.757564686782548,-3.6098950404089085,-22.640467000376052
2000-10-25,20.6681674210658,-15.197685559632248,-3.162522422223959,-25.649393414955668
2000-10-26,20.71400522949068,-15.974004826451948,-1.2401809498732093,-25.949607064228697
2000-10-27,22.927444933328335,-15.686131333739288,-1.5797248511587463,-26.22252115185216
2000-10-28,22.824754251982377,-15.62157022092173,-1.241901760950449,-24.77775373136748
2000-10-29,23.81162434025768,-14.597114765542429,-2.8954862013819893,-24.70189143628287
2000-10-30,24.86044649192797,-13.910477335114761,-3.736034484949293,-24.639078604192417
2000-10-31,24.305991762458547,-12.132254547326383,-3.5453549884809417,-25.51991259649085
2000-11-01,23.39010918605506,-12.838639383717968,-3.7666410915861954,-24.394785435748386
2000-11-02,22.94805131231344,-12.420062448560188,-4.227732369948096,-23.444027806165916
2000-11-03,23.771128010921842,-12.341879358987546,-4.515348264405645,-24.820582304636993
2000-11-04,23.01006666241598,-13.04549954932063,-5.5943280356463445,-24.77017939411016
2000-11-05,20.48533115300918,-13.541033586652857,-6.665941346586889,-25.161449118600036
2000-11-06,20.62127612787696,-15.467786586512592,-5.199154150839833,-25.342471128672987
2000-11-07,21.004296142101513,-14.702030637733934,-3.979215954893152,-25.65482800380534
2000-11-08,20.268412550064138,-14.155056774150577,-4.61721487971549,-24.2561625978453
2000-11-09,19.735118904950518,-13.526471667416406,-3.4101068238230177,-23.527027847595775
2000-11-10,20.096504157889676,-12.15835699473235,-2.6450293448710194,-25.28050938905391
2000-11-11,20.631410691637278,-12.4185503261768,-3.1365177610185575,-25.16607283760177
2000-11-12,19.41496203779325,-11.481748717560038,-4.22619844074437,-24.398069285304707
2000-11-13,18.595038729574462,-12.287020335433873,-4.069491277617591,-25.488568485542416
2000-11-14,18.60497713612073,-11.100411763656204,-5.159731140187465,-26.189570128524448
2000-11-15,17.16741016868533,-11.404207246267124,-4.1946660042424595,-25.915088929389572
2000-11-16,16.49573116609181,-11.373709713345388,-5.192927165178907,-24.39960738965816
2000-11-17,16.931356600804587,-12.588771408027359,-5.213243840634937,-24.35832713207002
2000-11-18,15.754307716230404,-12.833880926143918,-4.91173657776163,-24.927831422977057
2000-11-19,15.541201591962736,-11.909673444926472,-5.004989689703009,-23.358547461443834
2000-11-20,14.779517636141202,-12.344092854838035,-3.8460797743998985,-22.852164105976414
2000-11-21,15.234428500858943,-12.31382425140135,-6.306561137765939,-23.464052898907237
2000-11-22,14.504783418728058,-13.353001889885046,-8.013508251444623,-22.57477903047398
2000-11-23,14.362599332800118,-13.279497310117891,-8.287740755719359,-21.49997870820029
2000-11-24,12.914866236978842,-13.196366890470173,-7.063168497457175,-21.63265884374557
2000-11-25,13.439247725348277,-12.272614531248355,-7.116029420702222,-21.671337851301978
2000-11-26,14.033639086562829,-13.297676089628286,-7.343230370782659,-21.161931450980884
2000-11-27,14.121672860586928,-12.76325860578542,-7.805513765197265,-20.83707702241016
2000-11-28,15.143290152055362,-15.329172907874469,-6.6619981195445845,-20.16103437606936
2000-11-29,15.333558602700236,-16.320539237404372,-5.751386736512703,-20.495024466077602
2000-11-30,13.382699789525969,-16.54031745351647,-6.751893322178939,-21.59649792046293
2000-12-01,11.769400280940456,-16.719870632326845,-7.305364981476947,-22.178524867153435
2000-12-02,11.94649144041841,-16.193687729483578,-8.73978344692387,-21.581721429889946
2000-12-03,12.606052484531778,-16.891862877004787,-10.047475166204913,-20.18178959852156
2000-12-04,11.689169753645258,-15.831557375843355,-11.12643237750273,-18.6251866715723
2000-12-05,11.102452516107661,-15.203198228025823,-9.456882643053126,-19.4719125386058
2000-12-06,10.445267928672958,-14.795080970159308,-10.122280242379171,-19.238537661503027
2000-12-07,11.05353727693027,-13.614098601312673,-11.226190205716394,-17.792412917518796
2000-12-08,9.890709863437097,-14.347746702605862,-12.450653840366838,-16.35378257616149
2000-12-09,10.3562466153803,-13.708079237408054,-12.235596544184586,-16.528287973929785
2000-12-10,9.082940092965579,-13.265596013740598,-11.550596049912912,-15.482484385433843
2000-12-11,8.970401295873984,-14.235271750068868,-11.376989322342032,-16.475843411878216
2000-12-12,9.269935309852425,-14.40431557711656,-10.75100387502811,-16.503632030453808
2000-12-13,9.00229365453865,-14.80978019931152,-9.976525634518392,-14.845599743423653
2000-12-14,9.555383314380554,-14.150911529006544,-11.663314722201237,-16.647116401753223
2000-12-15,8.758039914456438,-15.032394774647559,-12.07624876668589,-17.581440660358712
2000-12-16,9.883172912608373,-13.141397700502289,-12.848150840617468,-17.700379560300167
2000-12-17,11.342466102916717,-11.813881014153013,-13.02205363962614,-17.42261834801023
2000-12-18,11.795613208641898,-12.524515611076422,-10.960613219115313,-18.537382451957935
2000-12-19,10.967016343501873,-12.205707226245949,-9.693488480963184,-19.672939684129748
2000-12-20,10.745520127798265,-10.600695138499521,-10.281481897352496,-20.15419008711683
2000-12-21,10.781129285518503,-9.460228202042325,-10.321659443347,-18.849437449430425
2000-12-22,11.509046880789066,-11.206729842502444,-9.864337256628131,-18.670220468731397
2000-12-23,11.096448686121157,-12.255918200057792,-11.071584978956563,-20.243819567168682
2000-12-24,11.131625375034927,-12.302460817590557,-11.643210082480872,-20.491965405263738
2000-12-25,11.4742396399775,-11.407646731715467,-11.639097843518444,-20.254806463287014
2000-12-26,12.942613617367439,-10.49692645977826,-12.309283832518537,-21.198975247599602
2000-12-27,12.091414789121904,-11.0764633401689,-11.767292753856395,-21.51587306099585
2000-12-28,12.718310607051809,-11.385082486438723,-11.76454755262365,-19.238394778634525
2000-12-29,12.614855644723157,-11.53203133521411,-11.940962434285211,-20.646349463799943
2000-12-30,12.764863952304237,-12.304338389532015,-11.699524196284145,-22.714953745092995
2000-12-31,12.861488247195508,-13.449320827009448,-14.546956491545302,-23.89248816741647
2001-01-01,13.181554437840761,-14.815180253903932,-15.179490344292626,-24.272161504560042
2001-01-02,12.240472010533328,-15.420622583854302,-14.297829143890358,-25.34094167270841
2001-01-03,11.367096292198367,-16.669838868508457,-13.643638922946423,-24.81549599277746
2001-01-04,11.584322374787153,-17.523212976563002,-12.261422758795222,-25.994960411508906
2001-01-05,11.576326410704619,-18.21225563009497,-12.769028304556546,-26.608915535714154
2001-01-06,11.896462961453775,-18.08322710142495,-11.483397604589415,-25.85018440482328
2001-01-07,11.737815329923786,-20.290992132136502,-12.23090661768488,-25.390859596609083
2001-01-08,11.852002536755128,-20.621770494820186,-12.623542385788479,-26.344635922176128
2001-01-09,11.762380011362083,-19.9560303214466,-13.045744997343393,-26.050930435774585
2001-01-10,12.032877223113733,-20.02269040649609,-11.902833271018908,-25.079518016125295
2001-01-11,11.092424632430196,-18.244716097037717,-13.340356466517411,-24.22417273984257
2001-01-12,11.997117624790453,-16.792207374547125,-14.091720167318387,-24.984322562150172
2001-01-13,11.689466212015258,-16.26524975827732,-15.715319767378466,-24.439916238713636
2001-01-14,11.054037529527776,-15.291032380723543,-16.684736301798168,-24.825060703606276
2001-01-15,11.027200667290101,-15.029769638520143,-15.272539057179443,-24.11295829292568
2001-01-16,11.441038002836997,-15.785603396778738,-17.114130363657342,-25.102799680712344
2001-01-17,9.669086029031925,-16.16795940251406,-19.27659282469357,-24.470367295228733
2001-01-18,10.013187147457982,-14.626806250367606,-19.855525938475843,-24.349399487104865
2001-01-19,10.111787299254926,-13.507801697104968,-21.058232893642355,-23.790478616144988
2001-01-20,9.562929601274757,-15.777846455431346,-23.498867952562197,-23.010233098960857
2001-01-21,10.831748492818507,-15.682203766584303,-24.70338752314585,-22.351868969976827
2001-01-22,10.406772074357368,-13.430431647754562,-26.018693504056515,-22.044561061753537
2001-01-23,11.394965056320755,-14.630502302846041,-25.257264524886764,-21.96051998170797
2001-01-24,11.227252242376666,-14.42973724411817,-24.743163751551844,-22.0187727902629
2001-01-25,11.895086023607893,-13.815409255654057,-25.758844296702684,-21.167200761600622
2001-01-26,9.944285393470627,-12.813645264116397,-26.83371432661081,-20.43042242014379
2001-01-27,9.766273042152516,-12.209742842374755,-26.631743938250402,-19.924210507041376
2001-01-28,9.746239121823374,-13.790522687662342,-26.473010341659922,-17.990624169172953
2001-01-29,10.443040749631923,-12.686060975333447,-27.06879591092328,-19.261028617445433
2001-01-30,10.054306031972276,-11.944950544391546,-28.622166829673745,-18.11651648216345
2001-01-31,10.126634964643126,-12.798576347041159,-30.64290041964455,-17.876362570006485
2001-02-01,9.999347135611808,-10.877991554546636,-29.758522593102555,-17.48977240889554
2001-02-02,9.56541519174741,-11.080264624660604,-29.401564679876557,-16.68741878507156
2001-02-03,9.017016029501812,-11.040136778805596,-28.174105287240188,-18.54258882545079
2001-02-04,11.016280289145818,-11.436681939582005,-28.708255851664916,-18.030711111822992
2001-02-05,10.049447365873243,-11.333412964570213,-26.21467073008378,-18.462828244121365
2001-02-06,10.389110389133231,-13.74816354247399,-26.00893318178604,-20.09931672046918
2001-02-07,11.083440472949407,-14.310862246932816,-26.443048069735553,-21.182907712915004
2001-02-08,10.365766921048792,-15.71636424115086,-25.872173092092115,-21.433642584227346
2001-02-09,10.81209138203217,-14.430462070880429,-27.304684554857907,-23.046072076499765
2001-02-10,9.874236096605914,-13.962767571568513,-27.180299626724,-22.30982906589053
2001-02-11,9.906612829508497,-13.952762021467318,-27.315401559841693,-21.694553573291458
2001-02-12,10.155005112456648,-12.883400209197063,-27.088320102996214,-20.436340559014646
2001-02-13,10.286954239056104,-13.639545849977125,-27.51417730614454,-20.748557459047067
2001-02-14,9.421453388106444,-13.793758726453104,-26.257921847759558,-19.539484264108797
2001-02-15,8.660120366810963,-14.224611306308676,-27.19347027642158,-17.12347094055973
2001-02-16,8.054508160846805,-15.642707987940982,-25.023632468435647,-16.108472851993003
2001-02-17,7.861168593769277,-18.313781818533634,-26.56199546248088,-14.93403148951978
2001-02-18,9.805077539934322,-18.817830800335695,-25.156521962813816,-14.673547363080191
2001-02-19,8.630085779579694,-18.63457477225837,-27.091178359340688,-16.208747100306145
2001-02-20,8.20462150120174,-18.276671418370277,-29.348001617152,-16.515897267599044
2001-02-21,9.223612853238782,-19.587347653156478,-30.138897397787396,-17.959343576856988
2001-02-22,7.959863826568729,-19.4179764938023,-29.313815369438075,-17.79675420883804
2001-02-23,7.431992397491308,-18.694689488550758,-30.430847492266015,-18.946471067883415
2001-02-24,7.8671982955034085,-18.657967773875203,-30.719308135398617,-19.884638687681235
2001-02-25,7.703148212842726,-18.680945539274454,-28.658048596471136,-20.28800850112324
2001-02-26,6.1154701420745505,-19.88511332206908,-28.393287022570565,-20.327305512161555
2001-02-27,5.196306228098327,-20.46452885718845,-26.873215810255083,-19.766360542613434
2001-02-28,5.668437542445215,-20.727381255187456,-27.993404595924908,-20.766415234108198
2001-03-01,6.0400051101085435,-19.755372661396073,-27.1276815741176,-20.278107305098846
2001-03-02,6.849342420986014,-19.856731873015246,-26.71644531291223,-20.634281939953304
2001-03-03,6.155976313784025,-18.72818950742467,-25.13933781371105,-19.25984185203119
2001-03-04,6.3893366309350474,-19.15483824343076,-24.200208859935298,-19.059873959138017
2001-03-05,6.976910819475416,-19.52619877984422,-25.23074342641987,-19.301029823486108
2001-03-06,6.9664775058670445,-20.475079703917356,-25.213478744517086,-19.83560199241433
2001-03-07,8.414904290367529,-19.797227095676075,-23.91757604716972,-20.271131889303927
2001-03-08,9.349173426737325,-19.84674019139719,-24.127232094508106,-18.928367892142738
2001-03-09,9.312174771323553,-21.39393611607177,-22.59068996762026,-19.608567744747663
2001-03-10,9.789457262282303,-22.2504717668359,-23.450327567904147,-20.08806364628508
2001-03-11,9.287274404094989,-22.07895281720327,-22.942021907713368,-18.66643476631247
2001-03-12,9.420190055021433,-22.367628516212744,-22.510825739988324,-18.81106567420924
2001-03-13,9.468629770428336,-20.850442158713435,-22.597301218466974,-19.33263522524032
2001-03-14,10.099516834738246,-19.08603116682385,-21.047349255049557,-19.735931449315675
2001-03-15,9.774421222733178,-19.400536400390145,-23.81567159797022,-18.806965139747387
2001-03-16,9.452236004437461,-19.173102215512493,-23.262952760188405,-18.18318511261139
2001-03-17,9.125815192672638,-19.488345983064374,-24.80818635017156,-17.35587046794575
2001-03-18,8.455171427084208,-19.82469590829253,-25.61977063278161,-16.427986007636857
2001-03-19,7.54899690204948,-19.08828437505867,-26.025715274425583,-15.62468660790015
2001-03-20,9.042258179025223,-20.713475113088048,-24.60610448371001,-16.20629635424863
2001-03-21,8.768132079223491,-20.965074310499958,-24.917493357295406,-14.931628903822931
2001-03-22,8.560407465517715,-18.76549693073063,-25.092468367400212,-15.064124578424886
2001-03-23,9.8274866072855,-20.048124771577232,-23.636382657284884,-15.687660465649033
2001-03-24,8.92208799630456,-17.47062994065871,-23.39093255542529,-14.441358661391952
2001-03-25,7.7818579770648135,-18.949245512955223,-24.009085043832144,-14.562657707960671
2001-03-26,8.06312590133695,-18.488282902589734,-23.518222964914347,-13.17700950514238
2001-03-27,7.67326657378711,-17.63262272573758,-22.984767263738647,-15.137820272004818
2001-03-28,7.213617057322152,-16.034304902065553,-22.712189766113806,-14.58349480909344
2001-03-29,6.98590371798861,-16.085151039211603,-21.665624501657106,-14.651707419590958
2001-03-30,6.08721025969402,-15.578995564697971,-22.02342147766997,-15.020054727946983
2001-03-31,5.01144479780365,-14.660711192509659,-20.606228499099124,-15.504644404533561
2001-04-01,4.563696890306435,-14.215138269586765,-21.270346044252474,-15.67914379185511
2001-04-02,3.493630990079365,-14.423856135509563,-21.724187047374162,-15.032886005456731
2001-04-03,4.252120802331244,-13.941276352235414,-22.361138292714912,-14.574923592744303
2001-04-04,5.60292935264619,-13.272804030178579,-21.79924129225156,-14.644322397456602
2001-04-05,5.88540372226562,-12.11163807879914,-20.325030955141987,-13.851361385393089
2001-04-06,5.665615299920596,-11.701556889691533,-20.307529888311333,-13.394742443837648
2001-04-07,5.546505379436467,-11.467694753555895,-20.872865588903526,-10.926266525372037
2001-04-08,6.168328557825958,-11.864142167751186,-18.423577239199854,-10.239948833397857
2001-04-09,4.656025414311952,-11.821051351505604,-18.7646895533785,-11.43279794288833
2001-04-10,5.195236052087634,-10.38376433672996,-21.150626822388862,-11.202424925249291
2001-04-11,4.560645265627922,-9.385026795714463,-20.07662584080956,-9.656433844524472
2001-04-12,4.194020580041653,-8.795259397098112,-20.010189887718106,-10.855495513022532
2001-04-13,6.357579686362447,-7.246230007138672,-20.931780240952605,-11.84260758423805
2001-04-14,7.219434871344922,-6.839570290770586,-20.559007554084918,-11.55500455001006
2001-04-15,7.555749651669156,-6.42066231728681,-21.808163566251626,-11.870289308892259
2001-04-16,8.248066483061915,-8.158401423487776,-22.277035568763825,-12.112800286627749
2001-04-17,9.021239516688603,-7.981964022570069,-22.100909702210185,-10.99290039591403
2001-04-18,9.906122580155227,-7.6535673775604405,-23.65717150430394,-11.447738447603115
2001-04-19,8.937524304908312,-7.867400682831029,-23.549663929967497,-11.32216690499544
2001-04-20,8.62784386075047,-8.14525412574634,-23.541165025406762,-12.63257007562645
2001-04-21,9.245756454163812,-8.658616934949263,-23.67961184902057,-11.26996754320061
2001-04-22,8.998494725677412,-7.98138324722316,-22.54704216474838,-10.98308401863135
2001-04-23,8.67323239220109,-9.620398915905653,-22.17615039393594,-12.264925688754998
2001-04-24,8.993903703648556,-10.824144500967122,-23.546913798401444,-13.254125380204938
2001-04-25,8.278973172241795,-11.430465970973948,-21.884126054015265,-13.417091256592906
2001-04-26,8.40833582739832,-11.308003947234644,-22.7288343604418,-14.50999809953936
2001-04-27,7.625340145641299,-13.338020143380533,-22.582297543087737,-15.104933663544996
2001-04-28,6.8991654179909405,-12.874441240409286,-22.67187375488335,-17.466115720306064
2001-04-29,7.95480644460557,-12.771136600565717,-21.372342469788492,-18.395054350471185
2001-04-30,7.717125355583173,-13.3959846532097,-23.257531726248363,-18.197377126077313
2001-05-01,8.449989491936677,-13.27668360130087,-23.473473821025188,-18.09172042657339
2001-05-02,5.851471176247994,-13.497214809700797,-22.486344495092435,-17.877114987036016
2001-05-03,6.302870391038396,-11.74872326369049,-24.756787711768926,-16.507590568049746
2001-05-04,8.309528728857766,-11.695014121313477,-25.451959242819775,-15.720146306997346
2001-05-05,7.387367258400678,-12.088315579070498,-26.56520837084751,-14.784724083653652
2001-05-06,7.948276591411297,-13.53343009192722,-26.15553186649391,-15.015860679173189
2001-05-07,8.529447395627942,-12.025214175436918,-24.970551843819585,-15.663088406655515
2001-05-08,10.289421821531917,-13.613168379577667,-26.085215948153277,-17.195052452017887
2001-05-09,9.05975977886217,-12.647739913512085,-24.338797479592316,-16.465167083224213
2001-05-10,9.058694159348699,-12.400138542507717,-25.566332041681612,-17.404804618667796
2001-05-11,8.824027655939863,-13.462465506111995,-25.66844708397499,-17.72308291880152
2001-05-12,9.552488344504667,-12.44267368238435,-26.117835942222772,-19.576173745298615
2001-05-13,9.563829371199853,-15.20730802837321,-26.143361747040565,-20.605170773076924
2001-05-14,8.396437252704581,-15.324206842959072,-26.399713180169723,-19.613989558391108
2001-05-15,6.922489862829438,-15.836910385582383,-26.116496646442307,-19.76015145592817
2001-05-16,5.6243913431395605,-15.752725531639468,-25.546618176489236,-21.681990610859398
2001-05-17,4.284903439383569,-16.03950358177504,-25.866390840320523,-22.01828279345027
2001-05-18,3.858392242145592,-15.13083582783613,-26.998062534650828,-20.197797964740676
2001-05-19,3.696821346873168,-15.796126244205352,-25.489641111404904,-20.162575629019226
2001-05-20,2.3348490063777465,-17.969297807183523,-24.993823613214705,-19.134858507301786
2001-05-21,1.7580139552746465,-17.59627271080161,-23.190556372403595,-18.985325479659416
2001-05-22,1.516989614180552,-17.44435209471186,-23.239296149134763,-19.021120077304882
2001-05-23,0.8364812039684775,-18.534376688280567,-22.591061779200285,-19.31755424143645
2001-05-24,0.613504918839952,-18.20646098995767,-21.57745632092725,-19.710519601495147
2001-05-25,-0.3951439238725547,-19.927139594061842,-23.43672104639376,-21.135069618796624
2001-05-26,-0.48522246257840473,-18.71747490058928,-23.329420802411047,-19.77270904983062
2001-05-27,-0.5145821344074775,-17.663792895390632,-22.837103374364954,-20.782659260707405
2001-05-28,-0.7708248678467498,-17.757459248474323,-21.430933221300585,-21.45404745787337
2001-05-29,-0.9487645275636835,-16.956028809533684,-19.67803730615026,-21.14962936637731
2001-05-30,-1.8516139215446916,-15.497413958094842,-17.987660648534526,-21.375319205673517
2001-05-31,-1.2196740883151347,-16.12082306760197,-17.417014893464344,-20.907375973861473
2001-06-01,0.2840006409707201,-16.811014616079657,-16.805856543231794,-20.255182012899713
2001-06-02,0.6959561169836328,-16.800439986001745,-17.37455169321175,-19.600362966306857
2001-06-03,1.647768852724647,-15.932082188076645,-15.771936894338802,-19.497824363459006
2001-06-04,1.1963639577950644,-15.129986948106918,-17.052393214312186,-18.263387972290698
2001-06-05,-0.2729908053034049,-15.372364319521603,-16.771204460906425,-20.129054152944153
2001-06-06,-0.6343772636452778,-13.692448618715833,-16.702474054614328,-21.15186896265372
2001-06-07,-0.6362315477744417,-12.713012442403597,-15.711625954733808,-22.886792318102398
2001-06-08,-2.931095029065653,-11.957166790338324,-15.626073479064106,-22.700776212419402
2001-06-09,-3.407117471738523,-12.876600005513577,-16.05307280816146,-23.165087772790073
2001-06-10,-2.0438665291118374,-11.609016979298232,-15.863307593115906,-22.537081891389978
2001-06-11,-3.260624183744329,-10.52549137248947,-16.029137611768363,-23.448428800103944
2001-06-12,-3.7764999466971463,-8.310803714446491,-16.094055723574687,-21.863039899972858
2001-06-13,-4.200526204441083,-9.702937899468438,-17.026102087100945,-19.771109285036296
2001-06-14,-3.5969367317529604,-9.152592501863623,-17.65233351180582,-20.74959391908029
2001-06-15,-4.554046576745526,-10.726845150362973,-17.03600290288695,-19.596232838172625
2001-06-16,-6.968174523133733,-8.409629801257447,-15.825191841996558,-18.41212105569919
2001-06-17,-6.262954478427442,-6.641688427881773,-15.130013481659494,-19.009656436433172
2001-06-18,-5.806780471106778,-6.283985516110293,-14.982678475941924,-19.113989973714126
2001-06-19,-7.397835719678026,-7.115926943226713,-15.108523828988833,-18.09261225939158
2001-06-20,-7.797349934442566,-6.302487154006551,-14.694522348949661,-16.09988160372295
2001-06-21,-7.403642678082935,-6.1818035924138695,-14.68922997393095,-15.971753907468354
2001-06-22,-7.389386728605058,-5.466960775005926,-16.039038835476706,-15.584804372412627
2001-06-23,-7.684564918656616,-5.454152433820269,-16.990779559128356,-16.011663484993313
2001-06-24,-6.551579766963144,-4.829909177108372,-19.33561521084503,-16.196620107204332
2001-06-25,-7.4672175696251895,-3.663586288796191,-18.829897467505145,-17.863336846042
2001-06-26,-6.721593532410057,-3.9655154809699416,-21.745721150149325,-16.845279693397647
2001-06-27,-8.472644986886037,-2.7179343568458583,-21.418059701992206,-16.12427146943777
2001-06-28,-7.498405756523506,-2.5661554999785157,-21.67999795707471,-16.515560849724586
2001-06-29,-6.509032447816935,-3.3438734747373564,-22.009013318018873,-17.06885821126843
2001-06-30,-7.041745889212548,-2.736938449267847,-23.834319671111793,-17.488741723841827
2001-07-01,-7.480671563917682,-3.321046895368452,-25.357677504449057,-16.456351204423314
2001-07-02,-6.164275181169051,-3.7710105379449015,-25.79176062216547,-15.888847433897652
2001-07-03,-5.4005978102106935,-6.141303778729814,-25.329031088974837,-15.632806497006882
2001-07-04,-5.647847811803869,-5.216920083203668,-26.093102080202993,-16.788813976215046
2001-07-05,-5.8153913033182825,-6.541898254096827,-25.23454020665455,-16.835597869728982
2001-07-06,-6.255957390508742,-4.805366914944235,-22.725150029896028,-17.81924753986755
2001-07-07,-5.270388104959965,-4.272153472407289,-22.992655768316585,-15.466294380699575
2001-07-08,-4.699311845988818,-3.1937475239198836,-20.64665554076612,-14.395687348583467
2001-07-09,-2.813493904359997,-2.5130238659149717,-20.699273608229177,-14.408333799105534
2001-07-10,-2.1056086298770413,-2.827278386178728,-19.889877260803562,-14.678995205797168
2001-07-11,0.7223339510881193,-6.461540280858294,-18.8905148249066,-13.169190449931987
2001-07-12,1.2237493443511094,-6.4471603263831705,-19.023816414277572,-14.409777381216637
2001-07-13,3.275180924327697,-2.2150605921748676,-18.7480122815967,-12.171500281847175
2001-07-14,3.6641918466654384,-3.4557458916398187,-19.098462201657508,-11.324404139144356
2001-07-15,4.347702395438374,-2.8596038905919574,-18.338876384372778,-11.350288752945513
2001-07-16,3.412674415396468,-1.3029698456766188,-19.042722221025826,-11.14771214752322
2001-07-17,3.0873557023637033,-0.6524972890812045,-20.74891534054455,-10.633335582280631
2001-07-18,3.700455692474083,-1.0280884298030628,-21.46025714503317,-11.446142970338915
2001-07-19,4.847820502353061,-0.46632517059959855,-20.478846050034765,-10.994677427471665
2001-07-20,4.98926534273429,-0.4502816493724566,-20.397175387248577,-9.831482586828042
2001-07-21,4.913615051090177,0.4993967414204128,-20.59220302504675,-9.072928584191983
2001-07-22,5.882938974131975,1.4789047913489974,-20.19987465194143,-9.524627992431304
2001-07-23,4.065353390696317,2.3780672338320517,-19.333102523983612,-10.019283397943637
2001-07-24,4.277104339693825,0.9596633695127663,-20.31391017993627,-8.550213801136929
2001-07-25,2.882958377020313,-0.9847094488060724,-19.134829940547235,-7.749960285780299
2001-07-26,1.3152125826863184,-2.031088863997837,-19.31902311139046,-6.349636765059628
2001-07-27,0.7535524332592933,-2.599114102825258,-19.8552278724097,-6.557166819392849
2001-07-28,1.0657409302054528,-3.576010897998539,-19.561722410114616,-6.7259876494198885
2001-07-29,0.17111834874399567,-2.880005842834014,-19.10635827249039,-6.276270028039646
2001-07-30,0.6631900052210356,-2.1878241804579193,-19.16900753018928,-5.433699911042622
2001-07-31,0.21451124113097259,-0.5034562090095471,-19.583693114264378,-3.2604357517234646
2001-08-01,1.5658147023111157,-0.8235197785793731,-20.19213309534108,-6.175456030903561
2001-08-02,0.04037887798560624,-1.0013268374423971,-19.913725533409128,-6.551599127131434
2001-08-03,0.6779831019367157,0.02886275357629109,-20.78798775559039,-7.440028473778343
2001-08-04,0.3389905893188639,-0.43142499730926254,-21.283551190525927,-6.151036641895755
2001-08-05,-1.5668681898214925,-2.37466235057439,-21.932063929490877,-6.4183819926237
2001-08-06,-1.4674794712143493,-2.4603944426527296,-21.367163338480246,-5.782479622112538
2001-08-07,0.26877651477401554,-3.512710508780234,-22.241320353473128,-7.096197288820683
2001-08-08,2.417127285905657,-6.470726852150765,-21.380122181312743,-7.6538928975531615
2001-08-09,1.304131717906531,-5.662010014720411,-21.282971564791062,-8.28448018765182
2001-08-10,0.4310211737845139,-5.666458561322014,-20.911643392834343,-7.726888003901848
2001-08-11,-0.5606040280469343,-4.66149987470134,-21.37431003310857,-5.188056438699165
2001-08-12,-0.11819113688618016,-3.964872986603278,-21.408484230840905,-5.306817668226187
2001-08-13,0.5131663168807081,-5.111363299523701,-21.4980737145359,-4.4635950009552685
2001-08-14,0.10948813589116635,-5.594634998384416,-22.746980788580945,-4.3121398438923375
2001-08-15,1.1435040239831467,-4.936696773997497,-22.685093133517203,-3.635421084340369
2001-08-16,0.006326237180939831,-5.3219259582134635,-21.988969754548453,-4.894179246023454
2001-08-17,-1.1395449932162356,-5.286210001128145,-22.348499339981736,-4.374293950106898
2001-08-18,0.22254492702910533,-5.906835518401309,-21.010902373841155,-4.2008378315838195
2001-08-19,0.8778325075832764,-5.703906755298518,-22.559339637370975,-4.887057873038396
2001-08-20,3.5601262559415274,-4.994090182137663,-23.78902431364296,-5.137547100251323
2001-08-21,3.894145089338457,-4.051264409033668,-24.706976342140287,-3.973329704472503
2001-08-22,2.940907250047889,-4.681424648994309,-24.07475829458475,-5.610128064126259
2001-08-23,2.560687620022561,-4.862875423967429,-25.725366580664392,-4.450838898861923
2001-08-24,2.805119989757607,-4.455837169021894,-25.939881522447507,-4.747659533036034
2001-08-25,2.281918348494875,-3.278479513647288,-24.716775144225412,-5.539501067236192
2001-08-26,1.28715637030313,-4.431438732912622,-26.03931060186173,-3.7508810485939144
2001-08-27,1.0921079522863115,-4.403081183171106,-26.251589781022805,-2.2368858783761896
2001-08-28,0.017464283850071594,-2.651780827130124,-24.1732912768587,-1.3942588534547184
2001-08-29,1.2446701871298678,-2.826045054004948,-24.577716150076167,-2.8183525171416495
2001-08-30,1.7695361787165393,-2.6143373800464427,-24.10182443167708,-3.781885983107163
2001-08-31,-0.054582400318818,-2.3724071880869855,-25.185009562117656,-3.842840722462434
2001-09-01,-0.5333074439030793,-1.9661536358011702,-25.8262491617062,-2.374111298496784
2001-09-02,-0.030735054863565092,-1.2031743444238303,-26.99272195181244,-3.0706722622479483
2001-09-03,0.4631530123750739,-1.5443019245586016,-28.832466025536814,-3.8668149659937745
2001-09-04,1.0208142996547003,-0.5339112023153925,-28.49937504569056,-3.9808383114317376
2001-09-05,1.2699135674143052,1.2484484930498856,-26.72623966585919,-5.081897102957558
2001-09-06,1.0618465612656915,1.1248287718965737,-27.21539759714096,-5.316140437391849
2001-09-07,1.833973273076082,2.0937073186156807,-27.196361962689934,-5.341793169266719
2001-09-08,1.9501308413870886,2.190494666353269,-25.532406786414008,-3.1149429943858795
2001-09-09,2.341034497988944,1.725355922166221,-26.008037571166273,-4.707573320711135
2001-09-10,1.1576812544475712,-1.844902742130628,-26.766630849884667,-2.9995266904164435
2001-09-11,0.6365846992818753,-2.5492930847661026,-27.378184100006994,-2.222761358066232
2001-09-12,1.448149098787412,-1.0271982906733415,-27.05493093435386,-3.7713622043157957
2001-09-13,1.4543736129052456,-1.0656786243781693,-28.491863418283202,-3.3018317131199426
2001-09-14,0.30242791924132084,0.256689171318216,-28.56114912041106,-3.781546161123053
2001-09-15,0.17012029395285308,0.6222686094025063,-28.227347049706072,-2.6502883148816556
2001-09-16,0.42713373481720185,-2.0778221615946593,-28.64527179617754,-1.5901821636557496
2001-09-17,0.1353900649133648,-1.6373598560541387,-27.189781722096765,-1.8359453866058515
2001-09-18,-0.483163928969226,-0.5408994720756994,-27.75510338374463,-1.265783544506668
2001-09-19,-0.6079911245662311,-1.519453308503333,-27.550316520877683,-0.9984517000270567
2001-09-20,-1.9007255203181797,-1.040506796286908,-27.768041659883274,-0.30323404509821494
2001-09-21,-1.49277081961694,-0.8541968844097567,-27.934238130153908,-0.08014539074686994
2001-09-22,-1.3435942598099189,-1.6573586083680514,-25.846079973275856,0.7105086335524546
2001-09-23,-2.134974869091999,-0.25671787129649615,-24.423697008503424,0.40755472754374966
2001-09-24,-1.8642058142220401,0.37017847371432533,-26.097923493709214,0.5875350551808898
2001-09-25,-3.8455289081463135,0.9935359797304624,-25.490864548541545,-1.037387114980747
2001-09-26,-4.433519326841112,1.7305420838011436,-25.677993294828376,-0.1133905023822892
2001-09-27,-4.121954167184637,1.6913308114102292,-26.385467366177927,-0.17798204484583713
2001-09-28,-2.5950356599388424,2.1481849161198863,-25.56448441549242,1.1991568160208201
2001-09-29,-1.7457585952544523,3.625164668824591,-23.91441798576173,0.981952943035671
2001-09-30,-1.5747616165649219,2.5819129615650724,-23.98488682226475,1.9239507863126293
2001-10-01,-1.296792455220798,2.6924973147059053,-23.52208507981347,2.211904347826327
2001-10-02,-2.9570275680347127,2.584866245868232,-23.455996983277895,2.1492521306190504
2001-10-03,-3.6749788214414436,3.6303636956500025,-24.62506278583122,-0.16134349644560952
2001-10-04,-3.351719157866838,4.706949664149768,-23.451451578877933,-0.32627605049645436
2001-10-05,-3.650339835792151,5.562494329962006,-24.624258221439135,-0.8547876015045104
2001-10-06,-2.813789584597748,4.7350746350604656,-24.551059924476352,0.36096326785657484
2001-10-07,-3.9597572525057005,2.9213069359969994,-24.484019255883094,0.5292521445439236
2001-10-08,-4.374798776798533,3.3396506719457113,-24.267146612773413,0.6840150490162986
2001-10-09,-4.566173582359837,3.568227596090001,-25.776637882227885,1.1201597103044278
2001-10-10,-4.041689773344306,6.026935629470357,-26.748366549045283,2.96768584270524
2001-10-11,-3.949737603824173,5.9299773626022905,-26.440635041405255,3.2642561391559806
2001-10-12,-4.525182526626642,4.541663955525394,-27.967426274232885,4.059586712503687
2001-10-13,-2.690989367482062,5.485996986566862,-28.817205274963648,5.094147108685345
2001-10-14,-4.929931263212641,6.463795051094257,-28.682325756838665,5.110152511355572
2001-10-15,-6.747226218364581,8.496162366656836,-27.88540869699774,5.1224181909815805
2001-10-16,-6.755049679392061,9.089935095999028,-27.136795826622922,6.049832828800676
2001-10-17,-7.219780960173916,9.006041246831392,-27.55005361836785,5.778451710533456
2001-10-18,-8.225090066211346,7.766880652939608,-27.995701462172374,6.068065111242312
2001-10-19,-7.658653106057035,8.22303115866824,-26.90744648170069,5.260993357503962
2001-10-20,-6.20573142923091,8.234710916146831,-26.50501458795576,4.878208439643339
2001-10-21,-7.290041015597356,8.651827709037926,-26.447720981454577,6.807757831283636
2001-10-22,-6.9165868789111595,9.428098695548165,-26.05844565806635,6.1227119254344124
2001-10-23,-6.597056407606842,9.932018925859202,-25.13026630400391,5.623137902572395
2001-10-24,-6.4180164606842265,8.9506317556616,-25.124910726174956,4.837956211343689
2001-10-25,-6.986303466957032,8.600312120700607,-24.958297915141106,5.2794201273374055
2001-10-26,-7.505463564824356,6.9331552328869215,-24.345511118408755,5.592668648572522
2001-10-27,-6.382280512343354,6.591714241398845,-25.389096498030966,4.1598290208402435
2001-10-28,-5.997699521994922,7.438488640206928,-26.943900292326653,4.059706998342902
2001-10-29,-5.930544729863811,6.792923112475222,-27.13405418228413,4.059820386455104
2001-10-30,-7.28068938111261,6.832687059912894,-28.442760790534553,3.618169570028632
2001-10-31,-7.514267350275132,8.455817364993704,-27.296931730648264,3.1438567797994748
2001-11-01,-5.676303464435854,8.218910643101147,-27.540596852128868,5.490392059836365
2001-11-02,-5.474671959653514,7.939848786501663,-27.08475088052748,3.7889290678621887
2001-11-03,-5.539220619324061,7.287646085382366,-28.15892427188862,4.306409776357104
2001-11-04,-4.931679365094806,7.022909898950639,-27.67197941242688,3.185419359928208
2001-11-05,-5.756026245513402,7.4240990688182675,-26.72143266769848,2.5123851647982414
2001-11-06,-6.3254989469943474,7.84414466732422,-28.315187835955513,2.8235425814006434
2001-11-07,-7.055107070558282,6.402746879401979,-27.785988311270636,4.446880743844369
2001-11-08,-6.573783139214426,6.593418639771351,-27.974583764074332,3.831531295965708
2001-11-09,-7.986008441695791,6.306313574029906,-28.103962381437874,3.351575965836736
2001-11-10,-8.472262757445298,6.863069108576104,-26.28638768804599,4.944920738197926
2001-11-11,-7.816986897697726,7.935745899744959,-26.10028924167547,3.263186492744911
2001-11-12,-8.404122356201281,7.431043607459158,-27.716152740546807,4.193344123726861
2001-11-13,-8.675601547788299,7.270056362976205,-26.643466998676832,4.654600558862496
2001-11-14,-8.819891113620333,5.516900043659817,-27.281170162071376,3.751582750557137
2001-11-15,-10.159991806033743,5.4818093300005115,-27.316142948530338,2.1307416452276664
2001-11-16,-10.292928823362338,5.387665513095037,-25.2393352181813,2.571663550345291
2001-11-17,-10.680706076467377,4.042441095269867,-23.223560714439245,2.1209232547749757
2001-11-18,-11.116849959694648,5.9823163829320425,-24.205274862609098,2.494181223702724
2001-11-19,-10.826041105975076,4.98596016582336,-22.49177990946806,1.1087304056756921
2001-11-20,-12.389184202116208,3.5671076752041753,-22.167647759386846,0.15063540919315477
2001-11-21,-12.101860280905898,4.410028254785279,-20.060758913780198,0.5087063867124587
2001-11-22,-12.78306674351619,5.0500985414283885,-19.863787916553846,0.4836890316166759
2001-11-23,-13.702494838877167,3.6635553266425527,-20.21033442110119,2.1322639684167237
2001-11-24,-12.968601280622394,3.2512028256015646,-19.808602456264346,1.1937785661030502
2001-11-25,-13.178961123349522,2.4161101280915385,-20.732095368153963,0.28155503619966626
2001-11-26,-14.835134285551131,1.7595234824232053,-20.969595867267774,-0.16718338101127989
2001-11-27,-15.11464939098038,2.486712241059476,-20.764809728122714,-0.25398002949040355
2001-11-28,-15.765865557776635,2.4060559544352973,-20.608050324291433,-1.0594464928406542
2001-11-29,-16.074550904584683,2.941455447998787,-22.03055493696275,-1.0602206297660297
2001-11-30,-14.930752828025847,1.7563755727817334,-20.557588315129838,0.4602333230062734
2001-12-01,-14.806121444208992,3.8170386105400658,-21.518271457004875,1.197629262765291
2001-12-02,-15.282706576976128,4.197428222746752,-21.709400851534923,0.42992939160699584
2001-12-03,-17.752197522549437,4.011675107244764,-22.16614571433279,1.5148818542704636
2001-12-04,-18.555225856106617,1.8409435361145379,-22.674732430109348,-0.3120594803662742
2001-12-05,-19.31382379697059,1.6328487126493685,-23.073088110625086,-0.4174407910383521
2001-12-06,-18.180268810033407,2.6017517926581304,-24.578188902176386,0.9266960945665884
2001-12-07,-18.81063541963531,3.425605221790848,-25.074101024548547,1.5522412021440422
2001-12-08,-20.554638252525997,3.2216854715140535,-24.861231284684443,1.2446706545928472
2001-12-09,-20.80919926525254,3.7084614839185606,-25.689316904119302,1.1587064617636793
2001-12-10,-20.257431209042828,4.5023764782580855,-24.63298115333205,2.463595583442472
2001-12-11,-21.528256162651285,4.898774154760389,-25.58256371465201,2.2480650253294674
2001-12-12,-20.187098230761013,4.139871912440677,-25.409834158027913,1.2500225423745754
2001-12-13,-21.375249871071,1.5026188991245686,-26.7365722080249,1.6270317761031188
2001-12-14,-20.741386456270124,0.5192997588217045,-26.735328279543282,0.8975900456082956
2001-12-15,-23.099521875704447,1.1603795740439322,-27.488188021757235,1.904783283264024
2001-12-16,-24.285848237222133,1.5463736341151681,-27.626225079029624,1.8248109781843356
2001-12-17,-22.701760731774392,0.6034865425077302,-27.527068666843103,3.738454553549757
2001-12-18,-23.479335897214785,0.8593004490785768,-26.658427263139274,2.041706256906585
2001-12-19,-24.517868912607927,0.24126873211839805,-26.589004175301792,3.0807482952329703
2001-12-20,-24.12908446226285,-2.474840681732896,-26.6335181425427,1.6177962981116798
2001-12-21,-23.03490433158821,-1.5135990942476858,-26.40266717588727,3.107165913813872
2001-12-22,-22.95564100802043,-1.4867418872074958,-25.963542055299285,2.8350353797046495
2001-12-23,-22.14112142801165,-2.096567600249997,-25.133602938849315,1.677634955051595
2001-12-24,-22.839428373837805,-2.006445677806306,-26.022914403504686,0.776439176622382
2001-12-25,-22.15114559865992,-1.7161531957411307,-25.029893253602058,1.2508084898655585
2001-12-26,-22.728869549147287,-2.714520214028714,-24.40935945827883,2.3179202043079963
2001-12-27,-22.653286539852754,-1.1914369478050564,-23.781559911012813,2.0392337387017543
2001-12-28,-22.41642958465068,-3.0977238072771485,-22.849446429112458,-0.001349453387990085
2001-12-29,-22.239956688061692,-2.3608677879317668,-22.9435265924444,-0.9636892180950353
2001-12-30,-22.909027010460477,-1.9595188978126843,-22.721722341781636,-0.30100054036350876
2001-12-31,-21.09256781810333,-3.0598814716425533,-22.944290005079445,-1.405513913230188
2002-01-01,-18.92242580827961,-2.075645908639322,-23.255688570676817,-1.3397279358901693
2002-01-02,-18.58452894887147,-3.700941599403409,-23.672322707879964,-2.065113390077103
2002-01-03,-18.363346456188008,-2.9080451846426367,-24.404974865324267,-1.1807732936790492
2002-01-04,-17.61828824852507,-2.9437998428492094,-24.42011263271902,-1.6904794915493908
2002-01-05,-17.792394055342523,-4.530447001647781,-24.930663066985097,1.4273579461125472
2002-01-06,-18.3986042218648,-3.794148084728213,-23.85039207783983,0.19121893352204133
2002-01-07,-19.27152421228462,-2.8195692745334955,-22.77180961395501,-0.737089138793532
2002-01-08,-18.506142070332224,-3.097918180436199,-22.257468226653447,-0.23043617245266113
2002-01-09,-16.98537462477696,-3.235136487953939,-22.766169370331852,-1.3631628668603117
2002-01-10,-18.78769612118235,-2.2839723041475177,-23.119826149124705,-3.00629843064098
2002-01-11,-18.00148533049822,-1.2806756454013273,-24.65852818230011,-3.4936932328629005
2002-01-12,-18.278904791571392,-1.5313902226098455,-25.391128300591465,-4.5443085060865425
2002-01-13,-17.86837270784259,-1.0617243532268097,-27.51501309110473,-6.053236250376677
2002-01-14,-17.119337005792048,-0.3850262616532275,-29.557663377739935,-7.902044189540762
2002-01-15,-16.487018184260187,0.04930415615372541,-29.451639798339922,-8.296491846167688
2002-01-16,-16.50774911282251,1.0185905966815327,-29.318730058039563,-7.923418228948906
2002-01-17,-15.423174720365923,1.2219473065388862,-30.920727642897223,-7.049454253150364
2002-01-18,-13.827794074556142,1.3645215358055645,-31.58454373522351,-7.495286963805679
2002-01-19,-13.725539352791458,2.6723703411075075,-31.371912128147155,-7.799298114500014
2002-01-20,-14.07738664693825,2.1344246345045086,-33.22956184074531,-8.12515790773588
2002-01-21,-14.277437255190499,3.176498391671452,-31.81565042879136,-8.984650319275858
2002-01-22,-14.067073122335884,3.761115865906123,-31.81990759733393,-10.318462050341859
2002-01-23,-13.648719486747888,3.5207189792503684,-31.844125467749123,-10.454126995083088
2002-01-24,-14.93353468625392,3.804028319458528,-32.062507761330416,-8.687127239306088
2002-01-25,-14.871440702299047,1.961404318515277,-33.4054191754251,-9.445504054467069
2002-01-26,-14.758851115823933,3.3163058903137843,-33.300975638001816,-8.86131470504507
2002-01-27,-14.51980311710455,4.855232313243853,-33.36191151280416,-8.739320286135149
2002-01-28,-14.22854783649328,2.8078345237344458,-32.785553714452085,-10.027284709770033
2002-01-29,-14.597249245176704,1.962868995253923,-34.63403126720684,-11.185402218662636
2002-01-30,-13.879368629878273,2.453002335339086,-35.57555067863824,-12.31803170015106
2002-01-31,-13.442878989871533,2.3955823488011148,-35.71286579388514,-13.472991618060952
2002-02-01,-13.611742687044925,0.4301513895409541,-36.398024056227584,-15.056737058445039
2002-02-02,-14.044176240337237,0.5868585318377854,-36.701583110579676,-14.587830710917803
2002-02-03,-16.02159583193916,1.3107792762836912,-35.16043957515756,-15.259290832114901
2002-02-04,-16.38445445111741,1.9549510482622976,-35.09298176771228,-14.421964056041071
2002-02-05,-19.353040417518834,1.2745466655119282,-33.26950721883714,-12.527117271338629
2002-02-06,-20.003295445228066,2.7903547257334838,-32.57739766687332,-10.994529854395244
2002-02-07,-19.11995371639316,3.6984381998860885,-31.867892396051783,-13.517790697836366
2002-02-08,-21.471989947492204,4.978498087599043,-31.386702827172748,-13.595322241485622
2002-02-09,-21.92951607422022,4.231459904049232,-29.333696784390064,-12.481797347539866
2002-02-10,-21.805894852938906,4.731360390072164,-29.843439626617435,-13.458996968789737
2002-02-11,-22.4970876604212,4.406111361858396,-29.33433034519433,-15.081123521852069
2002-02-12,-21.618721038557855,4.887507862963409,-29.081543398811696,-14.131952156953949
2002-02-13,-21.999395471193797,1.9641698875649514,-29.658199023249573,-14.36021240296069
2002-02-14,-21.011674068049633,2.701380126866216,-29.298052166418238,-14.539359209346252
2002-02-15,-21.424143631673722,2.3045869552153273,-29.433622078584364,-13.033077471142365
2002-02-16,-22.241816257753047,2.642500443022487,-28.64090796466238,-13.107005581845058
2002-02-17,-22.6599311528946,1.9058268895066246,-30.00282694385617,-13.509428120273963
2002-02-18,-22.964511328451007,0.7524450552175597,-29.982749450020272,-13.166107651313023
2002-02-19,-22.46845772672058,-0.01383981207248608,-30.72233146823504,-12.912930571617267
2002-02-20,-23.174389958249673,-0.6076036375090085,-29.97998066374001,-13.153333195783151
2002-02-21,-23.032758374354675,0.9249307419560372,-29.786889682518808,-11.577056679214953
2002-02-22,-23.755761530033382,0.6350296019535664,-30.079093905589346,-12.389767520211972
2002-02-23,-22.53279233185474,0.43838917243104236,-30.476527450996866,-12.544948719733108
2002-02-24,-22.81165458469514,-0.6018463643691719,-30.35994953516902,-11.633152976973596
2002-02-25,-22.451991117750058,-0.03712575619749536,-30.4433955418257,-11.62949415933436
2002-02-26,-23.58215255224014,1.4938055229146796,-28.21728646755221,-10.319106225921393
2002-02-27,-23.944985491161194,2.8980789344384017,-28.062136702728143,-12.55184474095932
2002-02-28,-24.203317514537893,4.408623501232855,-24.864586434099422,-12.990895861584569
2002-03-01,-24.678096691477567,4.45367071715863,-24.7783637885113,-13.065230720416022
2002-03-02,-24.014151364520814,4.443211800665859,-25.80712810520166,-12.438929454160354
2002-03-03,-23.878711817705067,3.9445181624435777,-26.379091648874766,-12.252284586145782
2002-03-04,-24.03463294495236,2.9851905260298675,-26.95639755948572,-14.058499203225084
2002-03-05,-24.65794964972221,3.8740839479989484,-27.240244978991015,-16.16232480462137
2002-03-06,-23.949195891049527,3.4889657400857885,-28.213334035374135,-15.764864518489745
2002-03-07,-24.17251624581629,2.629453848519929,-26.589998914863603,-17.408084026805387
2002-03-08,-25.201703948883665,3.6745738422591745,-27.160991896031295,-15.475999879268862
2002-03-09,-25.749790710514052,3.6259859037410127,-27.4922529656975,-15.94081489714664
2002-03-10,-27.41719092119212,4.277329634825012,-25.86706903857412,-15.933432968030177
2002-03-11,-26.664350988197768,5.940095018999496,-25.038991084487833,-14.05211523421203
2002-03-12,-27.244753625532738,6.8367734429653115,-25.5621790023452,-13.445955043475688
2002-03-13,-26.56716066219295,7.626574062896973,-25.84254383696944,-13.000152682642405
2002-03-14,-26.29714032878091,7.785777639531595,-24.345752349983247,-13.330526955324764
2002-03-15,-25.69928471993088,6.367218299789407,-24.658115979162417,-13.927480260986489
2002-03-16,-23.287833515831252,5.8107452917651115,-22.478799715027108,-13.718270892094946
2002-03-17,-22.725005690860918,5.948035877177766,-23.37579598009714,-12.861032221540022
2002-03-18,-22.82637397319783,7.126639956103131,-22.549974404913762,-12.89691409143301
2002-03-19,-21.78407531567529,7.687974116387823,-22.091274369029865,-13.963608664997482
2002-03-20,-22.14607058087123,6.423637447635142,-22.25881002227462,-13.840775445299302
2002-03-21,-20.960248709221588,7.224924795749841,-21.700074700216387,-15.81370236635354
2002-03-22,-22.617044243604983,6.390481001190487,-22.303949703888346,-14.53777397947594
2002-03-23,-23.63724096402641,7.008094680600607,-22.80656922785575,-15.071443065070419
2002-03-24,-23.35130360920779,7.379084816967304,-22.169447909488852,-14.896597008525545
2002-03-25,-23.399084927457576,7.48875607254646,-22.202319623551343,-14.002723938830023
2002-03-26,-23.462533341823463,7.308966139890305,-22.398189860993433,-15.627633374365402
2002-03-27,-22.91537517009929,7.185782201046833,-21.678554527155757,-16.184811108277085
2002-03-28,-22.321741485311737,6.388890447099067,-22.228140256487972,-17.49951145669088
2002-03-29,-22.229640942503632,7.685120463564474,-23.43103316087399,-17.119032434149815
2002-03-30,-22.210754843820677,8.942107560166058,-23.42294661955486,-16.67101370171984
2002-03-31,-23.091588712957133,9.06081336712466,-23.460852487708237,-15.960117849396806
2002-04-01,-22.968553468052292,8.4884005993661,-24.17376295724099,-15.724441609492917
2002-04-02,-21.524986827960856,7.601334194496754,-24.218470884967786,-15.5307487827015
2002-04-03,-21.682033000019597,8.656664736493074,-26.021471207685497,-17.159229932789767
2002-04-04,-21.13072156425727,8.995711653066458,-25.945882777716648,-17.053306563478753
2002-04-05,-20.91302601387857,8.597369970813208,-24.5046685712729,-17.255293627674362
2002-04-06,-21.456098120334723,7.634698648329193,-24.791419637603532,-17.812250633090883
2002-04-07,-21.32777866068707,8.322667002424591,-23.181151135441528,-17.782807434408475
2002-04-08,-20.391545485723267,8.411092158078365,-24.6239287162544,-17.634446867422994
2002-04-09,-20.235687932411803,10.449771578603855,-24.64639867713046,-18.212760634986484
2002-04-10,-19.358451051630645,9.669622611039761,-24.438493835867888,-17.711404719829712
2002-04-11,-19.076127851223724,10.450798608619195,-23.928527474429764,-17.81574877320023
2002-04-12,-19.350886063500965,9.980580599935154,-25.863512892053905,-17.18001256088431
2002-04-13,-20.422672178421912,10.291815282143224,-24.963264735173176,-17.08325197124557
2002-04-14,-17.937468343716457,8.98583242493791,-24.210679843414415,-16.6216855045741
2002-04-15,-18.12597253638383,9.132665862492964,-23.59364942971106,-17.68114273426183
2002-04-16,-17.518667834596958,6.700193749720812,-24.58329299996358,-17.356898026059945
2002-04-17,-16.558792953436225,6.551352838814278,-24.443427928705418,-17.26113910256689
2002-04-18,-15.697529992620137,7.0232307405373495,-24.834498037648064,-16.014264963557004
2002-04-19,-15.595280070260907,7.653244408624518,-24.652513975350217,-16.855249086816084
2002-04-20,-15.885049371306755,7.6787087871267765,-26.151651161311033,-16.071471633860746
2002-04-21,-16.306366332682376,8.006452974203775,-27.92617345519197,-15.406933933248213
2002-04-22,-17.061891478267995,8.884219495092227,-29.207804695834238,-15.987762804257628
2002-04-23,-15.760380724062305,8.121416213687414,-28.134158868227377,-14.718936258877445
2002-04-24,-15.51120829200504,8.466482357432344,-28.767832836847436,-14.15872026957878
2002-04-25,-15.34358217814747,8.314318086575357,-29.565391925086935,-13.392629652256423
2002-04-26,-14.276982321527427,9.502237465779741,-29.491505710276464,-11.823921232744327
2002-04-27,-15.62671608536539,8.716948097874987,-30.426831091974684,-12.47411074247692
2002-04-28,-14.650016155952368,9.59240590326895,-30.41444676094197,-12.817427430355778
2002-04-29,-15.553460533276358,7.754228740242803,-29.58129577106759,-12.718065020944014
2002-04-30,-15.497354644194372,7.820820897515514,-31.249926591838122,-12.584964422735485
2002-05-01,-15.405867555973634,8.9407931653858,-30.52652990097647,-12.94766074847786
2002-05-02,-15.610322299844787,7.8087474462466,-30.526696685468767,-11.916384059227594
2002-05-03,-16.104401449146167,7.2479675521126765,-31.441300330669968,-12.169423113874606
2002-05-04,-16.69027753576681,7.573008825437361,-32.10056637698494,-11.94260611302746
2002-05-05,-15.576890348502578,5.961629266060741,-33.16382946951353,-11.516346005547746
2002-05-06,-13.660742663690547,4.972591276535947,-31.45467473794056,-10.521807018548877
2002-05-07,-14.32851447596836,3.120042775646025,-30.102094724093238,-10.949443466572694
2002-05-08,-15.403860091058975,3.4076034645813458,-29.489520355971074,-10.447343405180213
2002-05-09,-14.101679866784474,2.6213891517556593,-29.929164719097948,-10.578744864410401
2002-05-10,-16.867975926232667,1.1129520571418596,-28.616311666971864,-11.085898341970175
2002-05-11,-16.98834598481617,0.8255184822511259,-28.521216056183462,-10.928513075858984
2002-05-12,-16.669731174919797,2.0220063938840376,-28.193306632527623,-11.712872240897255
2002-05-13,-15.738841021111593,1.0834892628645716,-27.46682469770851,-9.986213963916166
2002-05-14,-14.886837756502826,1.3761055673293088,-29.01874086712291,-12.560302113048314
2002-05-15,-15.213687434232511,0.7243053855012257,-28.231201431841466,-10.27827442159443
2002-05-16,-15.847944654292833,1.4707572957773878,-29.82537641600718,-9.564543217377368
2002-05-17,-15.312656329707435,1.1741359458519152,-29.851053476777945,-8.174147567821999
2002-05-18,-14.119843922931594,1.3688403918894643,-28.614044878803092,-9.287734620489369
2002-05-19,-13.524446059898127,2.787969030600335,-29.21072010565868,-9.845812759986066
2002-05-20,-13.405468385199873,2.3421278349257646,-30.11152749369098,-9.008952523312594
2002-05-21,-14.371067013993997,0.6314143010750906,-30.6623196737681,-9.506865850643269
2002-05-22,-15.128045911945275,1.5570039909058706,-31.237844838236867,-7.645681792489615
2002-05-23,-15.402270719396322,1.2999405083391395,-31.05758171476866,-6.206165333682768
2002-05-24,-14.564191421607328,1.589615129190708,-29.253998118566162,-7.232533844802036
2002-05-25,-11.32048680683495,1.1985484598832337,-29.873831187765603,-7.932412883545961
2002-05-26,-8.777146026781413,0.5181758500379733,-28.655435446242322,-7.364485270324054
2002-05-27,-9.247826503782605,2.9819738453345757,-28.73168288635638,-5.4232103136601975
2002-05-28,-9.435159731584395,3.4586379238061666,-29.309523562267277,-5.035270676986276
2002-05-29,-10.224913749338025,3.516575472526636,-28.902531435882064,-8.245090485154407
2002-05-30,-10.607265739872236,3.8359480131064103,-27.02531271363527,-8.302774586584913
2002-05-31,-12.204355201934625,2.2060675732646735,-27.016542176372507,-8.65949730641291
2002-06-01,-12.465561966757122,1.6459204250270996,-25.796216603185446,-8.355025790473485
2002-06-02,-12.099653674919521,2.552555611426923,-24.630421391682425,-9.332730141829659
2002-06-03,-12.92058608608315,4.92018293674059,-25.302635920656307,-9.239263938376215
2002-06-04,-14.891753056426671,3.4591765284491798,-26.295429039604336,-9.399736548799503
2002-06-05,-16.92248355679782,2.13778442533731,-25.24376252994774,-8.989058579357012
2002-06-06,-16.171144059430084,3.3552249473863127,-26.034209552908894,-9.627306567450937
2002-06-07,-14.75015924338085,4.09864241322462,-27.70773405125156,-9.269912181191318
2002-06-08,-13.790590644969205,4.613071793129436,-27.03925729045271,-7.7365239671960335
2002-06-09,-13.085708853455815,5.0923159352011345,-29.680803738798012,-8.552791443393907
2002-06-10,-12.66485845143169,4.3559472748914985,-29.037259432866012,-6.830510084699726
2002-06-11,-12.860037063386503,3.402429219865019,-27.494532337410284,-6.607083807747201
2002-06-12,-13.747989820292517,4.373016287903871,-27.42264560338569,-7.078695382486301
2002-06-13,-11.64079398398476,4.800505626219378,-26.897794448686742,-6.5557789684606576
2002-06-14,-11.27576508686991,3.8615906895338608,-28.2170405534441,-7.550253561302183
2002-06-15,-12.368297748102892,4.427001434780059,-27.544158911416805,-7.7504656243720005
2002-06-16,-12.518646143236303,4.684733152694182,-26.08420401733755,-7.189852762338029
2002-06-17,-12.670859169892553,4.474425279416154,-24.89504284269095,-8.137986765058363
2002-06-18,-13.412233484693406,4.352778234310668,-26.921017388260868,-9.171856480514963
2002-06-19,-12.40916777076563,3.8731199530560296,-26.84218189216792,-8.208153848780555
2002-06-20,-12.336496263026348,2.992274135897244,-30.663541499115077,-8.674744353491707
2002-06-21,-13.1791533714854,2.3694028253105808,-30.292209273182838,-9.974766631603151
2002-06-22,-12.913545096185352,2.4679390734512654,-28.965559673476776,-9.8512521807991
2002-06-23,-14.266675900467853,1.8891520687146932,-29.651093988587668,-9.4022981586822
2002-06-24,-12.741927598451271,0.4657628079155427,-29.75784968508339,-10.12500698148849
2002-06-25,-11.844657250872867,0.8230451956681207,-30.554722187111285,-11.587078869641255
2002-06-26,-12.215247547999452,-0.20475376781586985,-30.68215916406834,-10.234091014321283
2002-06-27,-10.073547382154803,-0.900810283973197,-31.09452678655566,-8.631923328855166
2002-06-28,-10.110679615235389,2.5217146461140088,-30.98932921590768,-8.887933995096569
2002-06-29,-9.086339465297565,3.9714580394939305,-29.959988327915564,-7.564134906778812
2002-06-30,-9.475665437226956,4.288820000928813,-30.479390120654365,-9.14795437198627
2002-07-01,-8.862385656731794,2.9745690190196523,-30.702267054459288,-10.107351792294136
2002-07-02,-7.902190797638524,4.231821992015884,-31.82305519535394,-12.235208298823025
2002-07-03,-7.516075978040366,4.737623532743315,-33.96160567716728,-12.339384711408657
2002-07-04,-8.059472398445987,3.472544310330707,-33.595754247416174,-11.576900713168682
2002-07-05,-8.781822203477855,4.292323289726173,-33.71292523298776,-10.791593606405408
2002-07-06,-9.116180883226752,3.8664434938714582,-33.0429342194015,-9.005847994271818
2002-07-07,-9.174638133597805,2.791549843436493,-33.40188674475505,-7.2777120972348115
2002-07-08,-8.748273469928332,3.043157769478489,-33.92321891499378,-6.391070802519831
2002-07-09,-5.833540262591378,3.1857725952144476,-33.96960439834881,-6.031242883796975
2002-07-10,-7.257964437099501,3.738297756531684,-35.46410189677931,-6.065114019615368
2002-07-11,-7.196811752718522,3.910577067360062,-34.89139539291899,-4.698609028449989
2002-07-12,-7.107619024689954,4.125483510142493,-35.641120387960434,-4.217123131661845
2002-07-13,-6.869029842191112,4.1444880537352,-37.137067032620095,-2.627731515297514
2002-07-14,-5.537013063476529,3.0442390275307813,-37.40015336203754,-2.1724810350406543
2002-07-15,-6.128395715739131,4.344744924326448,-35.85895614276887,-2.178032981362292
2002-07-16,-5.667297312148287,3.5987072881443156,-35.530368398374094,-3.658718598196263
2002-07-17,-5.882400350625443,2.7602038467908625,-37.77626379799634,-3.370028429636729
2002-07-18,-5.818731602212265,1.3785054104996086,-39.71270672978441,-3.8600440443633253
2002-07-19,-6.829965680872653,1.1495115646600227,-39.782182860066364,-3.872494923839602
2002-07-20,-6.329431818259907,0.3670303373085402,-42.48091441150479,-3.0556892153457387
2002-07-21,-6.545937068910376,-0.6631064166268408,-42.509587373136476,-1.7878453126818559
2002-07-22,-6.01726989622318,-1.6985473695245394,-42.855024674039456,-1.1444015945398078
2002-07-23,-6.720003019901716,-3.5254185370105198,-42.56270312512155,-1.5019843304745089
2002-07-24,-6.673196284310347,-2.013095927156518,-43.624841944923865,-1.5107252771275017
2002-07-25,-5.96861114421086,-1.5986077898590736,-42.61493431992307,-0.9998306688414892
2002-07-26,-6.537628112484135,-3.2595868436690343,-42.24310027902202,-0.9667263196127875
2002-07-27,-5.088232328936167,-5.044589872982615,-43.1152968450354,0.2270520995993075
2002-07-28,-4.77027206283068,-5.150877076371478,-43.63424514840989,1.0972199348244072
2002-07-29,-5.948830442387769,-4.3608192324397725,-44.793072869663256,1.6504531827413431
2002-07-30,-5.862617068727195,-2.721645728433704,-43.732863672606044,1.558525751677338
2002-07-31,-5.406613351283341,-3.0181059513871866,-43.797007497583415,3.097089661888769
2002-08-01,-6.981585824420461,-2.6717153565401492,-45.163951267830946,3.0393027721732775
2002-08-02,-7.202475698681822,-0.7963932501439042,-47.09587942053867,3.6607524241356426
2002-08-03,-7.522559323184595,-0.8083224419238687,-47.076789730627745,3.62327564859493
2002-08-04,-8.613875161365781,-1.5334961790810153,-46.69733627982593,3.4760053910651045
2002-08-05,-10.18384051491336,-1.455789626136243,-46.95341622795113,1.689590489897447
2002-08-06,-9.1482970039228,-1.2050691209688487,-47.471900386633344,0.7010828363241464
2002-08-07,-9.25971566122153,-1.9948169810862078,-46.9471485467833,-0.40670878655552944
2002-08-08,-9.560411600536524,-2.2465388609714187,-46.0912144494106,0.6970484010220255
2002-08-09,-9.79197959213561,-3.5838697056789246,-45.8397823942505,0.6455319800167028
2002-08-10,-11.013892937237854,-2.937779782363973,-45.31412101053025,0.9349665022804454
2002-08-11,-11.311930956573503,-2.3458982534625994,-45.39591336067633,-0.6591225078775176
2002-08-12,-11.695353171622369,-2.5713367140705166,-46.49113009710408,-1.8897388051732205
2002-08-13,-11.460359893349336,-2.8974801917090725,-47.82011236800699,-1.9370751863994142
2002-08-14,-11.890662788799471,-2.3266614425816075,-48.49588492792208,-2.846735807287814
2002-08-15,-12.8658863309667,-1.9851506688730243,-50.69997291546514,-4.327902527161691
2002-08-16,-13.795059633790764,-1.4715196595205184,-51.36281279219963,-2.92111893150147
2002-08-17,-14.475882790975202,-1.4100552200438947,-51.618758305994234,-2.9049702814884912
2002-08-18,-14.788968389798795,-2.1709420739490777,-52.380178172726495,-5.807570326321345
2002-08-19,-14.325391925370937,-1.5481822531386646,-52.884761214244044,-6.590151073982963
2002-08-20,-17.288827441309856,-1.2265152259839813,-52.29622495519271,-4.755802398499812
2002-08-21,-16.507682350830034,-1.2306817245350412,-52.01803258861191,-3.0112774804194444
2002-08-22,-14.770634626698872,-0.8912427947608093,-51.40476497550552,-2.38505665740463
2002-08-23,-15.20821488126784,-0.38995973515093585,-50.66736114730001,-4.411318088319919
2002-08-24,-15.092960042444897,-0.4040341655609472,-50.42190336213089,-4.236064998110149
2002-08-25,-15.144045390714972,-0.11645933932053204,-52.2071655167294,-5.462554477846796
2002-08-26,-16.01965877238849,1.7244650654399962,-51.606703234126364,-5.5502058571728
2002-08-27,-18.11106308756546,1.4450010948172634,-50.775503521925806,-6.917946367998406
2002-08-28,-18.302152923680527,1.1572259720671978,-51.746170589101546,-7.288011949348316
2002-08-29,-20.02809292751718,1.470265427122411,-49.101450113818636,-5.780499586687378
2002-08-30,-18.337295452568494,0.7687112464067113,-48.85306594470962,-8.656274815421924
2002-08-31,-16.932578366402858,2.5922409034759775,-48.47283791170341,-9.653000379085967
2002-09-01,-16.400258018307643,0.9660158673287855,-47.65576234653996,-10.910427794925173
2002-09-02,-16.77154212521584,1.869520981095564,-46.91247428113949,-10.685495278803687
2002-09-03,-16.661267815840407,1.5862884283987342,-47.430680952373564,-9.977189874505349
2002-09-04,-16.084183919108806,-0.5429961380385218,-47.0251712988271,-10.827488701196923
2002-09-05,-15.85305982407488,-0.9825715376022024,-48.74698475660739,-10.051311669273693
2002-09-06,-16.768283060804468,-1.8101109289092614,-47.55595724431296,-10.133690728714024
2002-09-07,-16.461485890773048,-1.8285674554613154,-47.088367385444506,-9.434322570139233
2002-09-08,-16.409028126630705,-3.003861482272182,-48.00247269995279,-11.243326594515226
2002-09-09,-16.2867352487806,-2.1132334382306337,-48.3742917279285,-11.472819214542724
2002-09-10,-16.62935077994983,-2.828894880255399,-47.23131018056826,-11.155840803531984
2002-09-11,-18.27512674219692,-2.949869257300184,-47.421621194142766,-10.904973380730961
2002-09-12,-16.41177710343364,-1.730073600426563,-49.138038155592206,-11.65273714208523
2002-09-13,-15.587914388715696,-3.199647546309553,-49.1894527449961,-10.224715062527917
2002-09-14,-17.056650131318037,-3.127344473202461,-50.65389027785866,-9.588613192720574
2002-09-15,-17.330169573889357,-2.5392624184460573,-50.81103515333345,-8.96175878372165
2002-09-16,-16.362317668369943,-1.5784879104066776,-51.15052670466236,-10.195518138454606
2002-09-17,-15.701223606681694,-1.4523482301509936,-49.634732551393505,-9.576591440792814
2002-09-18,-16.603027946756242,-1.1978599164360624,-49.95543497234801,-10.169464283622995
2002-09-19,-17.649559598504844,-2.1102983786535816,-48.67956020847151,-9.612719550492145
2002-09-20,-16.175735190990352,-2.280710861829509,-48.24093576394867,-10.338790226657597
2002-09-21,-13.453457489482226,-1.2825102991102475,-48.40345919626675,-10.16791202035468
2002-09-22,-13.84817414559429,0.22482476996587186,-47.77431283817357,-8.806841267019715
2002-09-23,-14.991675385516126,1.0450825314908794,-47.8875427619481,-11.215251049965966
2002-09-24,-15.866345599582335,1.1013364784336284,-48.27166214493627,-9.229611916348215
2002-09-25,-16.599720117023903,0.3836666560221472,-47.548472010270736,-7.247508989731326
2002-09-26,-16.013460363177735,-0.40416988234408957,-47.01373093913684,-5.570863336666534
